id,genre,track_name,artist_name,valence,energy
53rVYwGiKUC3gYX8SQQYYU,acoustic,Something In The Way,Nirvana,0.103,0.347
2FGb3gJbKToDII7q6Kfp4i,acoustic,I'm Yours,Ron Pope,0.866,0.553
2ZQyksYO4zzhyHNcueL0CP,acoustic,Home,Phillip Phillips,0.293,0.792
5GCgC77m6EaAqu7ZlukMu2,acoustic,Umbrella,Train,0.627,0.849
6vrUTGn5p8IrfTZ0J6sIVM,acoustic,Iris,The Goo Goo Dolls,0.513,0.79
4VJgrWjrkodaGiq3xKz62z,acoustic,Sometimes (I Wish),City and Colour,0.135,0.467
4T2SmVJPtDdugk5j5xV1d5,acoustic,You And Me,Lifehouse,0.363,0.428
6G0MfBXF1QlLpgP8pKngzs,acoustic,Shoreline - Radio Version,Anna Ternheim,0.201,0.108
3h7fGy7n9xhS1PupWW9vJ9,acoustic,We Are Young,Kurt Hugo Schneider,0.486,0.814
6ERQqdIkr7Rp4tt52Eep6r,acoustic,The Look Of Love,Diana Krall,0.366,0.266
1MN5gnxpy3GeSFoldiWwGu,afrobeat,Bissa,Fatoumata Diawara,0.735,0.701
4aVuWgvD0X63hcOCnZtNFA,afrobeat,Hold the Line,TOTO,0.808,0.898
60sz0jcrIVGFvYsXL5IYT6,afrobeat,If to Say,Various Artists,0.943,0.81
161fk9qHtXsdHPzIGLFHWo,afrobeat,Yabis,Various Artists,0.639,0.629
57x4pgQBAeNqHcUJz0xfo9,afrobeat,Sumun,Salif Keita,0.864,0.925
5B0DtR1BiFKtj2NYS08QvM,afrobeat,Sijuade,King Sunny Ade,0.961,0.715
2YBFbI8ESZD8ELOeFvAQIc,afrobeat,Yèkèrmo Sèw,Mulatu Astatke,0.384,0.528
1PTGzgjNWP4upVlCp95I6i,afrobeat,Ara,Brymo,0.611,0.901
2Kj7fT9h3jRAYIpRBOjsh9,afrobeat,Loca,Shakira,0.917,0.692
4DKowjY9GwG1FQgB6UNiGh,afrobeat,Nebe Miri - feat. Theophilus London,Amadou & Mariam,0.74,0.813
69O12Wz4e6bosZWiYajxQu,alt-rock,All Night Long,Therapy,0.697,0.923
2dO66EZj2q67wzTm7UoznP,alt-rock,Waiting,Dismemberment Plan,0.834,0.881
4Gy9xdG5wSNJQYKCVyWvN4,alt-rock,Mind to Be Had,Blonde Redhead,0.315,0.628
5ciVbeefBaNOmaDXsN0amO,alt-rock,Everything Is Wrong,Interpol,0.432,0.848
14j4diRlUSWvbq5t0rgR6b,alt-rock,Satellite,Guster,0.641,0.747
0Qs72vhVJ10C7lsyzRCTuA,alt-rock,Strut,Lenny Kravitz,0.891,0.884
0sN5bVcf5W4Dq8kop1HqdR,alt-rock,Everyone's On Tour,Nada Surf,0.432,0.917
0CZ48zSBAXNplab4I4T4NN,alt-rock,Total Immersion,Polvo,0.477,0.867
19pQaJUSEtn31fpO6RozaH,alt-rock,A Million Little Pieces,Placebo,0.606,0.858
0VlyGO38VGjVKn3VuXT04A,alt-rock,Epic,Faith No More,0.27,0.899
2QOMGq8wVTZbLmh7McrvgF,alternative,Scar Tissue,Red Hot Chili Peppers,0.547,0.717
5WZn6AJc3D8xM58UqPlco9,alternative,My Fault,Imagine Dragons,0.519,0.814
2HHiH52OPxe8qyVO7N4uH7,alternative,Bad Blood,Bastille,0.94,0.777
0qksx8mV28lztYIZ1om8ml,alternative,Shiver,Coldplay,0.286,0.803
5vVmnv4EN3X2VBa5Fo3UFM,alternative,Lightning Crashes,Live,0.45,0.427
1nLnpLXvl68RZCSjfkyiaa,alternative,Brain Stew,Green Day,0.337,0.543
6sA2vXE2gI7V06zrOcbCBr,alternative,Stay Together For The Kids,blink-182,0.243,0.793
7mXmxXLAnsvXKt4Q37KoMI,alternative,Over You,Daughtry,0.567,0.922
1xdZeRTNLrVXRmGOWqdXmr,alternative,Hopeless Wanderer,Mumford & Sons,0.265,0.601
6mVD1SfTvlFAPVi7txFL5H,alternative,Machu Picchu,The Strokes,0.874,0.817
35Fkc3cctib935tVctHuD3,ambient,Dissolving Time,H.U.V.A. Network,0.191,0.451
5R8sdsSEMTHnBpHHcMdBC1,ambient,Cendre,Fennesz,0.068,0.094
2rptpw6hQQ8YewzB2hKOrj,ambient,Star 6 & 7 8 9,The Orb,0.872,0.389
3szv1wBCcMXFx7GdPNm721,ambient,The Last Door,Brian Eno,0.0632,0.0676
0gch6AYwzLRfoJWci08vsp,ambient,An Ocean and Peril,The Black Atlantic,0.0839,0.127
1sc7nr4cXBBN2PRsxrmls8,ambient,Þú ert sólin,Ólafur Arnalds,0.0742,0.102
1ZSGpxA5iWozqbeK83zt3w,ambient,City,Martin Stig Andersen,0.0312,0.0241
6uoM7KHsyJsHZqBQHKjQbc,ambient,Black Sands,Bonobo,0.338,0.499
7swx5xLemJWVosynhueQ4Z,ambient,Anthrazit,AES DANA,0.149,0.613
2zDbFhNBErLkUfwVslW3lY,ambient,Hands Playing Butterfly,Efterklang,0.0779,0.264
7djQUfIiPmvKgfDYm6bq4w,anime,ツナガルオモイ,Eir Aoi,0.651,0.923
0kd9pY71hVoLEQQdh333WU,anime,16歳のアガペー,Various Artists,0.59,0.895
1WSZS7D5ezAGAUCTbXjnfx,anime,寄り添ってあげたい,レイティア(大坪由佳),0.653,0.809
5xTpeM7GzFfhKjAJA6rsHa,anime,コネクト,ClariS,0.75,0.924
4cSsR6UCjgCVxp0OWSApCf,anime,ドリームパレード,i☆Ris,0.776,0.965
42JZfJvi86NWu1DmtMVHII,anime,Q&A リサイタル!,Haruka Tomatsu,0.868,0.967
00uEKw97Pnpq44SqHM8R5c,anime,ツナガルオモイ,Eir Aoi,0.717,0.91
2VYoSSD6rqTHbSqLvQ1DXM,anime,愛クルセイダース†ストライバー,RAMMに這いよる ZZZ,0.379,0.939
1qq0dJG14GVYOWPL30U5b4,anime,徒然モノクローム,Fujifabric,0.599,0.901
1970Ccs3vd4EprovwcnXs3,anime,STEP,ClariS,0.691,0.792
71sff4WXQm4pif8oRwL105,black-metal,Dungeons of Darkness,Burzum,0.0613,0.0195
0p7biAwTesVvMG2oUZbu7l,black-metal,The Freezing Moon - Live in Leipzig,Mayhem,0.0257,0.936
0HafldvVwXmQ3D5JjkHCMT,black-metal,Stormblast (Live),Dimmu Borgir,0.0354,0.98
1SOcy2ih1UUipdmIfcmrh4,black-metal,Intro,Immortal,0.0393,0.615
48EgPyGHDxWJe07hHYvl67,black-metal,Dusk and Her Embrace,Cradle Of Filth,0.254,0.928
2R4OZKmJ1NCfpACqI8ZDnK,black-metal,En As I Dype Skogen,Darkthrone,0.0196,0.999
0sz5mosH0X28BwXGwzv1m7,black-metal,Satan's Mayhem,Dark Funeral,0.0366,0.951
5TLBHizDGSvdGkZBJAKlw3,black-metal,Stormblast,Dimmu Borgir,0.103,0.911
5kHIOwn8UOvuBMPIuwYntj,black-metal,At the Stormy Gates of Mist,Immortal,0.0287,0.98
2jS3Rq5xWVG80daU05yepW,black-metal,Seven Harmonies Of The Unknown Truth,Burzum,0.19,0.5
1xRPsLad6X0XGvsbPp9y3N,bluegrass,Doin' My Time,Earl Scruggs,0.815,0.737
4NgHCEYBTA4ZzYa2tzOYyy,bluegrass,Watch 'At Breakdown,Chris Thile,0.559,0.47
0RUCjCfG15Z7i9xUOIE3vS,bluegrass,I'll Stick Around,Pickin' On Series,0.514,0.637
0GU9N6ecQrWyVoCVtptBK8,bluegrass,My Last Days On Earth,Bill Monroe,0.353,0.439
0LznsInUxUCdO0WSsT8KH6,bluegrass,We Can Work It Out,Crooked Still,0.692,0.463
0jDbdPGKODhw2aLPBHheNK,bluegrass,Banana Banjo,Steve Martin,0.879,0.59
109p1Flkzuu5lc6BHQiym3,bluegrass,I Don't Have to Live This Way,Alison Krauss & Union Station,0.718,0.577
7jJszZmckv0Xb6oi0g8omg,bluegrass,Crazy Eyes,Old Crow Medicine Show,0.488,0.447
6taWSlqg6POIlMrYnvlc2o,bluegrass,Tow,The Devil Makes Three,0.852,0.547
7oEFRIwANUFgL7XR9jAtzW,bluegrass,A Different City,Pickin' On Series,0.895,0.838
6Wi0DHWomfgBLoBo14yyDp,blues,Season of the Witch - 2002 Remix w/o Horns,Mike Bloomfield,0.546,0.531
4a7Xu1edRTAGhjScmeGsUF,blues,Badge,Cream,0.73,0.678
7DJsL4jyXA39GDiHFQYQ0t,blues,Mess Around,Ray Charles,0.906,0.962
5H0buOvucTuvEvrJFxtftl,blues,Brown Sugar,ZZ Top,0.47,0.451
1sf0AJJaXd1ZBlC2DoXsBx,blues,Mustang Sally (feat. Jeff Beck),Buddy Guy,0.793,0.86
2Jj34bWmR3J90zNAoFd2JA,blues,Guess Who,B.B. King,0.296,0.329
5lCJPGoY1T7fGjXE7BPhsW,blues,Soon Forgotten,Muddy Waters,0.54,0.465
3oF8frWQEWaxPVGEFdvzdz,blues,I'm A King Bee,Slim Harpo,0.901,0.446
78krcD2vFUXJ3Y0XXeiHWH,blues,Sinister Kid,The Black Keys,0.935,0.828
4BYGxv4rxSNcTgT3DsFB9o,blues,Purple Haze,Jimi Hendrix,0.434,0.898
22AYzw1zZgf7p4ZUjZCgzt,bossanova,Chora Tua Tristeza (Cry Your Sadness),Carlos Lyra,0.854,0.248
3O4wuU3a2VIuHfGwaVsQ90,bossanova,Menina Flor,Joao Gilberto & Astrud Gilberto,0.51,0.212
15hsI4QhF1bHnxvqo7Vvtn,bossanova,Maria Bêthania,Gal Costa,0.578,0.204
2IbF3fiJKSyTmLNAQcaCdT,bossanova,Tatuagem,Chico Buarque,0.035,0.169
22qkgKaLMCCG7HKhzfBm6k,bossanova,Fiz uma Viagem,Dori Caymmi,0.601,0.447
34qsj3eFSrApDeLxeZfW2D,bossanova,A Bênção Bahia/Tarde Em Itapoã/Tatamirô/Meu Pai Oxalá/Canto De Oxum/Maria Vai Com As Outras/A Bênção Bahia,Vinícius de Moraes,0.711,0.512
7EV9DlJQ67pGsPGpLXioKC,bossanova,Corcovado - Quiet Night,Palmyra & Levita,0.238,0.148
2saWAEUZYz410qlEgVBF1L,bossanova,Menina-Flor,Zimbo Trio,0.474,0.551
1LptDLSt1L3tpIlaGsmGH7,bossanova,Pior Pra Voce,Maysa,0.664,0.53
5PovGliLqeT8G1wbATO3Qc,bossanova,Tô Voltando,Bossacucanova,0.836,0.816
2IFVgmtIwyg2AmWV6yZJqT,brazil,Deixa A Vida Me Levar,Zeca Pagodinho,0.893,0.774
6LMjjcvtlWp1Dtj19yiIvT,brazil,My Girl,TIAGO IORC,0.311,0.0929
4pG8lbKPKkfGSniMXxZTM7,brazil,Sutilmente,Skank,0.459,0.632
2tBah0hzCdsafd4fNkjRaM,brazil,Me deixa,O Rappa,0.336,0.836
31NSDwCjIRYaPJW3tNNGUv,brazil,Alforria,Forfun,0.917,0.849
265UWKABWdpx65MsMCepS8,brazil,"Amor, Amor",Wanessa Camargo,0.525,0.863
5yFI0Vs3x4EbeIDerT0ck1,brazil,Codinome Beija-Flor,Cazuza,0.301,0.255
5ruFO5Cbjvljsh3ItsDmp8,brazil,Keep Me In Mind,Little Joy,0.963,0.709
4KbRvdWVR4HtQULIWG3Ipz,brazil,Malandragem,Cássia Eller,0.362,0.523
1j5i8qd1PkSQAGM5zyonJC,brazil,Ouro De Tolo,Raul Seixas,0.826,0.549
5AMxVSn63Yi3UCO2njlvvW,breakbeat,End Credits,Chase & Status,0.0678,0.813
4bdMXcKvjt705kx05H7FSk,breakbeat,Get Up - Original Mix,Stanton Warriors,0.896,0.774
7iPjzOaZiNXp0I8vOCcVZV,breakbeat,Cornbread,Lee Morgan,0.819,0.521
5IM1TAhZ0tGhPketsWMC02,breakbeat,Gunshotta,Machinedrum,0.294,0.788
0f7eslXohKBikCWrZBnZwk,breakbeat,Endurance,BreakBeatBuddha,0.719,0.684
050m8TNhlPML0Kd6naOBlf,breakbeat,The Cell,C2C,0.409,0.891
156oozyC0SdsnMrNnvMQQ1,breakbeat,Omen,The Prodigy,0.529,0.954
0vNHUrgwUMRaifo2ebqTnP,breakbeat,Intro,Freeland,0.0475,0.931
19WGviHv5DKhvoqqJmrKRO,breakbeat,Kiss Kiss Bang Bang,High Contrast,0.318,0.895
0JaqIqqFzNkQFoCJTFrakV,breakbeat,Feel Real Good,Various Artists,0.554,0.895
3clIHVzJ9J2rvvrFUKLICo,british,She Bangs the Drums - Remastered,The Stone Roses,0.672,0.976
4aSw1QJIMwYSoDEgzgdCJL,british,Ferry Cross the Mersey - Mono; 2002 Remaster,Gerry & The Pacemakers,0.588,0.365
3NkE5aI8aPPnoG8w2xBwNF,british,All Or Nothing,Various Artists,0.218,0.555
5zsYl9Nl4kQmPSjwscVASJ,british,Heart Attack,One Direction,0.63,0.824
6gv02BqPCsOQz5QQ4jnNOY,british,Blue Monday,New Order,0.898,0.751
6CZOt7yBQayT5dYnG1nnzO,british,Let's Spend The Night Together,The Rolling Stones,0.571,0.753
4cuB1Z3whEUoPLIjlHCkp3,british,It's Not Unusual,OST,0.887,0.864
119oZdU7SdgcBAx4mTwkOM,british,For Your Love,The Yardbirds,0.61,0.638
25aNJcqUnZmEKBmPhW9I82,british,Dickhead,Kate Nash,0.518,0.508
6aGjEZ7kq3YXgD0EDt80O5,british,Live While We're Young,One Direction,0.936,0.837
1LdlX9sjbvzDuNwPqI94Qa,cantopop,灰色,Sandy Lam,0.962,0.744
3tYRZl5PlY7gLxHooDBCUm,cantopop,河童,Miriam Yeung,0.353,0.33
3ftmO1Cwbew497pFiWiyAH,cantopop,浮誇,Eason Chan,0.243,0.562
6EsYRaxP09JGrmfiUQOuSi,cantopop,So Hot,Kelly Chen,0.855,0.696
3jjHJmZeO8HbwHe4UTgRXW,cantopop,"病人 - 電影""百份百感覺II""歌曲",Daniel Chan,0.231,0.518
0XGtMtnInNcUsEJKoI059A,cantopop,禁色,Tat Ming Pair,0.269,0.149
3YWdxdMwTK3yiqubQixDBt,cantopop,Da Ge,Janice Vidal,0.422,0.412
5Sfj1jDJowEGs5MuA4NHjE,cantopop,情深緣淺,Christopher Wong,0.312,0.477
5jdxHecn2TTboJzB9wsB5p,cantopop,遊樂場,Nicholas Tse,0.274,0.287
3tVaLrSidH0LO6dHL3yWV0,cantopop,愛不完(國),Andy Lau,0.517,0.546
2N6xewRtVIdrK3IRZavCCA,chicago-house,Love Injection,Trussel,0.814,0.655
4cW8nWsG0grlWpLaXCHTUs,chicago-house,Most Wanted,Various Artists,0.585,0.925
01ES3DiAHM4ZRCLOE8X1l6,chicago-house,Mega Mix - Jacking Mix,Julian 'Jumpin' Perez,0.802,0.719
4Ban7CWKoEw3IMuBY2DrXE,chicago-house,Move,Various Artists,0.894,0.692
5s4xbND44257EOUSa1BS8B,chicago-house,Trancescript,Hardfloor,0.745,0.865
1wAE7bxeT9rOukLRpWmKuO,chicago-house,The Jungle,Various Artists,0.825,0.449
040feKzAD1CyH8asrYDfDp,chicago-house,Meet Every Situation Head On (Noise & Mista Luv Mix),Psychic TV,0.831,0.892
2OayBUJ6urrOVcSGkap27H,chicago-house,The Twilight Zone,Various Artists,0.245,0.868
4SmiFk4zGbPVf0vvoSDvuG,chicago-house,Too Blind to See It,Kym Sims,0.698,0.585
7xAB4miPYE35X00OOBmKmf,chicago-house,Move Your Body (2012 Version) - Radio Edit,Benny Benassi,0.315,0.932
1xQBlIIAZZtekq4pyCp2Lw,children,"Friends on the Other Side - From ""The Princess and the Frog"" / Soundtrack Version",Various Artists,0.378,0.622
1S9Rw3ETeDYzDdrRWXKhn3,children,"A Whole New World - From ""Aladdin"" / Soundtrack Version",Various Artists,0.191,0.206
2pgKDAqacrrMR5VGYQnv02,children,Ooh La! Ooh La!,They Might Be Giants (For Kids),0.712,0.962
4qehtoeLFnk44kfO3m4LBQ,children,"Twinkle, Twinkle, Little Star",Raffi,0.627,0.107
1Bc7CZbnirnkseOLrxT8lR,children,"The Flik Machine - From ""A Bug's Life""",Various Artists,0.592,0.542
0ltBH1JNzSvQJPjJpvTu9B,children,Whistle,Flo Rida,0.75,0.933
0UlHiqi7seV02XNHLMtfGK,children,Turn Up the Music,Chris Brown,0.643,0.841
2OsEJFTfzfjG4oC92cuP2c,children,Slow Down,Selena Gomez,0.721,0.821
6nek1Nin9q48AVZcWs9e9D,children,Paradise,Coldplay,0.212,0.585
2ihCaVdNZmnHZWt0fvAM7B,children,Little Talks,Of Monsters and Men,0.417,0.757
0XzkemXSiXJa7VgDFPfU4S,chill,Blurred Lines,Robin Thicke,0.863,0.503
0TDLuuLlV54CkRRUOahJb4,chill,Titanium (feat. Sia),David Guetta,0.301,0.787
3cnRYoW4nYzIuVPCp7k5iG,chill,Breakdown,Jack Johnson,0.443,0.394
4KnpSJBbcpJBAjEaaJBcL8,chill,Badfish,Sublime,0.516,0.419
2SMn57cBVxoD4TArscpovk,chill,Islands,The xx,0.707,0.472
3FtYbEfBqAlGO46NUDQSAt,chill,Electric Feel,MGMT,0.561,0.803
6lWuJS86p0q5JAKekgETcN,chill,Sky and Sand,Paul Kalkbrenner,0.526,0.329
7Dbg5O9nNWu6SWxDjJ9qoq,chill,In The Air Tonight,Phil Collins,0.357,0.313
3piY5aMfwEEmXMV6I9kpoi,chill,Imagine,Various Artists,0.374,0.179
4s9MBsOC7ntOehwpH0EJLL,chill,Your Bones,Of Monsters and Men,0.327,0.725
2LFGLqK12IzOi5sSu5wQJ6,classical,"Symphony No. 4 ""Los Angeles"": I. Con sublimità",Arvo Pärt,0.0372,0.0223
0Y4jWsQaUsfMR5Izt22Po6,classical,"Préludes / Book 1, L.117: 10. La cathédrale engloutie - Live",Claude Debussy,0.0571,0.00242
7H6lDjQ509hVPiN72wlwzM,classical,In a Landscape (1948),John Cage,0.236,0.034
2KaJboy9SVjajpQr3TvKze,classical,Orchestra,Morton Feldman,0.0343,0.00871
3RbJx9eautRhPZ70vbDLu2,classical,"Goldberg Variations, BWV 988: Aria",Johann Sebastian Bach,0.264,0.00892
6ePBP1QrbQBrAJawrV8kiz,classical,Me,Nils Frahm,0.149,0.0383
24A3HjyT5sGnrejr7yLDod,classical,"Nocturne in E-Flat Major, Op. 9, No.2",Frédéric Chopin,0.071,0.0462
1ipJdiNMjgvfAilddGT9sI,classical,Fantasien op. 116: Intermezzo: Adagio,Martin Tchiba,0.0739,0.00605
5QFdOfeQlX8gp7ick31XRG,classical,A Dark Knight,Hans Zimmer,0.0357,0.182
5PvjR65Uvf6nwBe0Ko9O7z,classical,"Madam Butterfly (Act II): Un bel di, vedremo (Butterfly)",Giacomo Puccini,0.0385,0.111
4B9WpvjfKz37WzokV4dpll,club,Firestarter,The Prodigy,0.357,0.948
0DiWol3AO6WpXZgp0goxAV,club,One More Time,Daft Punk,0.476,0.697
2bf2YIN0GBbYqR6A9SaSXQ,club,Changed The Way You Kiss Me,Example,0.284,0.842
0lqNstW27BvhHXn6sqyQhX,club,What Is Love,Various Artists,0.741,0.77
4h8VwCb1MTGoLKueQ1WgbD,club,Wake Me Up,Avicii,0.643,0.783
5GjnIpUlLGEIYk052ISOw9,club,This Is What It Feels Like,Armin van Buuren,0.145,0.833
457p7UH7hoHrbA2iI4PSCA,club,Live for the Night,Krewella,0.533,0.843
2GQEM9JuHu30sGFvRYeCxz,club,Faded,ZHU,0.614,0.477
1iNPlFDLDGjnJZbt11SU1e,club,Knock You Out,Bingo Players,0.441,0.757
7in46wlBseKBTcLi6lyhF9,club,Sexy And I Know It,LMFAO,0.822,0.851
3ZsBVcedifm2toPTeBp4sW,comedy,Hot Girls In Bars And Their Dude Counterparts,Louis C.K.,0.122,0.973
1cG9lukF0NNXTmcYJLmTS7,comedy,Pissed Off,Dane Cook,0.594,0.96
7Mf1UkBKNgMaKOQ62Hp7ps,comedy,That's What I Do (skit),Sarah Silverman,0.373,0.734
5qHfwGoSzubgtZZidBnZi0,comedy,Dogs Are Racist?,Wyatt Cenac,0.28,0.893
23VLYIq2No1Poo1Wv6Vn0f,comedy,Meatloaf,Cameron Esposito,0.62,0.473
6G1rjrxzPXBy9xHNksAX5b,comedy,Crappy Jobs & Bingo,Dana Gould,0.605,0.422
2pFgpKkRGImFcwgLf87hg5,comedy,"Drugs, Alcoholism, And More Drugs - Explicit Audio",Robin Williams,0.188,0.947
2eGuEXRmjJwj4vmOGv8qWt,comedy,Phone Call From A Cranky Terrorist,David Cross,0.574,0.611
75TZt74YXA1KOqgGAr4cSs,comedy,Drive,Rory Scovel,0.583,0.631
2cv00jzOvrS8zXcXzGEGQu,comedy,Technology,Jeffrey Ross,0.115,0.657
4Pn0JlCUusD2QHjADuOzuV,country,Humble And Kind,Tim McGraw,0.137,0.48
43lL05gZ1DqG4YJ74rCPmM,country,Yeah,Joe Nichols,0.591,0.845
5AnSllIrgGsCZzZJkVnApx,country,Eyes On You,Chase Rice,0.476,0.652
7mldq42yDuxiUNn08nvzHO,country,Body Like A Back Road,Sam Hunt,0.661,0.458
02eD9ymfJOJOhM97HYp5R9,country,The House That Built Me,Miranda Lambert,0.206,0.3
7Lr4XaxGpkAwa37IVgg22k,country,Back To Life,Rascal Flatts,0.28,0.701
3DeLvrawPtl8wSupXgTlSh,country,Unlove You,Jennifer Nettles,0.111,0.416
6EGAfJaLUFzhS4zRBIEQ2J,country,You Make It Easy,Jason Aldean,0.406,0.574
7uLQTOxQ3nwwoHuxwt2AHJ,country,Small Town Saturday Night,Hal Ketchum,0.933,0.697
48soTbO64fT2Xw3xxvAXY5,country,Whoever Broke Your Heart,Murphy Elmore,0.646,0.745
152kYn6HxbRSWBlkkZHWGN,dance,What's Your Name,Dillon Francis,0.662,0.853
3G7XYAwtxtoGK7fAm4IlD9,dance,Classic Man (feat. Roman GianArthur),Jidenna,0.585,0.585
4bciEWCPPeR2UiVloDyUc5,dance,"Devil (feat. Busta Rhymes, B.o.B & Neon Hitch)",Cash Cash,0.335,0.765
5M8oA8KBGT2jWfRPS9sDut,dance,Continuum,Various Artists,0.807,0.881
0VffaI2jwQknRrxpECYHsF,dance,Greyhound,Swedish House Mafia,0.539,0.806
56rptJmt1cDk2WctdpapzU,dance,Don't Call Me Baby - Original Mix - Edit,Madison Avenue,0.961,0.982
4vS8VaBwJJV5Ry7UFIQuoo,dance,Lean On (feat. MØ & DJ Snake),Major Lazer,0.274,0.809
0xHajFt9da19XukzC2z1Sk,dance,Attak,Rustie,0.749,0.853
4fdABDVwTnVzZGgrs1m151,dance,Magic - The Jason Nevins Remix,Black Violin,0.49,0.831
18OntfCQE68VV5Is76yHRL,dance,Dear Life (feat. Jaw),Claptone,0.793,0.677
0oQr4G8dxa0mSvfJDpIaZS,dancehall,Back It Up - Radio Edit,Strictly The Best,0.881,0.798
27eniaCdcAbXMigvOtlnK1,dancehall,Oliver Twist,D'banj,0.85,0.9
0RmXtDH1cBMGImRrmn5xL6,dancehall,Turn Me On,Kevin Lyttle,0.875,0.682
6izj5ubkILgc8yzrKEBox6,dancehall,Dance,Various Artists,0.693,0.767
5kuk9D5mpjjqnNZxJzYyeo,dancehall,Tjaldva (2010 Ragnhildegade Demo),Various Artists,0.926,0.477
2smxSuTdhjsc2bdg4HmLxO,dancehall,Whine (feat. Beenie Man & Natalie Storm),Enur,0.852,0.692
0ca6GDAOfaK7E6MXu0U8Sn,dancehall,Gangster City,Various Artists,0.665,0.828
1q7s0ldnDXPSYlPWgGkcRH,dancehall,Move Around (feat. Elephant Man & GTA),Diplo,0.405,0.773
40cF17dhAIe1EeLyw9Z2mI,dancehall,Miss Fatty - Cubaton Remix,Various Artists,0.953,0.875
3DLZnkbfVGxvdplqddi8WN,dancehall,No Letting Go (remix) - Remix,Various Artists,0.843,0.832
4DUF5hZMBIcAmEF5MAfqzx,death-metal,"1,000 Eyes",Death,0.0762,0.993
1OmREWtyPyf1Oe8riUiC2n,death-metal,Nerve,Soilwork,0.118,0.965
1KFbAxV9AHHrq3UwVVovuZ,death-metal,Supreme Humanism Of Megalomania,Nile,0.15,0.918
2knZJYjLYRezPC8j6E25KC,death-metal,Winds of Creation,Decapitated,0.521,0.945
1z55PgzeyMDsU1p12nosh5,death-metal,Intro,Morbid Angel,0.157,0.759
1WSA3g5lYHiXw7CYCVvyZJ,death-metal,Breeding the Spawn - Pierced Version,Suffocation,0.678,0.854
70kWZk7O1BjzpIYvIsWPYd,death-metal,Devout Atrocity,Dying Fetus,0.429,0.973
7arVnCYlrxRrRCxmXUQCjg,death-metal,Dead God in Me,In Flames,0.316,0.972
3azjJtSvvNniFZEjMZnRPb,death-metal,Nihility (Anti-Human Manifesto),Decapitated,0.121,0.989
08Ga5zdhJ1918hy5FDjf2f,death-metal,Skin Her Alive,Dismember,0.225,0.98
7KkYFzk5I27BtRfH9GtohD,deep-house,Lavender,Om Unit,0.323,0.689
2otXrscLVZ2yPLODlHhuBL,deep-house,Trace,Midland,0.59,0.484
2gR7Ub1gpVlt0DDgSUNoev,deep-house,We Are Child Of Love - The Mekanism Remix,Mario Basanov,0.642,0.459
3P2FUwhWp18EXMJQjuixRb,deep-house,Man Hands,Mike Mago,0.554,0.897
0AOMAzwfi6hse9Z3vRp0qU,deep-house,Paper Aeroplane - Radio Edit,Francesco Rossi,0.591,0.921
0lctdnB5hcPH4N3dwZbZLP,deep-house,The Wobble - Original Edit,Michael Paterson,0.0579,0.932
6NwRJfCBxht02SYsGoevNt,deep-house,Careless,Dusky,0.68,0.895
39cgFLYRr8JTOoB6rITZNl,deep-house,A Message For The DJ,Delano Smith - Feat. Diamondancer,0.773,0.689
24oACWcmnMJNDoPJAPDFzj,deep-house,You Know,Marek Hemmann,0.465,0.638
4mjFrVIEYSREo5PsY58aFH,deep-house,Electricity - Original Mix,Various Artists,0.553,0.258
6fXeINYFVU8VdvpdStayQx,detroit-techno,Ninja,Rick Wilhite presents,0.444,0.865
4r84LBMz5qDEQShrP38aH4,detroit-techno,Clockin',Various Artists,0.247,0.852
7ib1AuW6jBVHkaNHu7z1PT,detroit-techno,Unknown Journey I,Drexciya,0.619,0.633
0NMaOSNx7NFF21KUCSmbpE,detroit-techno,Passage (Out),Plastikman,0.0307,0.000853
16SSMmF8U03Q1VlI7Gwqsp,detroit-techno,Dreamland,Various Artists,0.173,0.486
4PVTL8QxMhSUOf2C3UHzAa,detroit-techno,Alpha: Alive,Robert Hood,0.116,0.801
2MmmG7288Fc83dD7FWClKq,detroit-techno,Use Me Again - Carl Craig Refix Mix,Rush Hour Presents,0.458,0.76
7kVXSHWbjIwNpA0wwOlkpq,detroit-techno,JB's Edit,Theo Parrish,0.136,0.663
4wW9Xv0YkWydYIDDMRuy6X,detroit-techno,Elements Of Tone - J's A Mix,Various Artists,0.876,0.726
5gna2iizuZ5PBnHUpeA2JO,detroit-techno,Eniac,Octave One,0.796,0.805
7723JnKU2R15Iv4T7OJrly,disco,Funky Town,Various Artists,0.342,0.63
0CAfXk7DXMnon4gLudAp7J,disco,Low (feat. T-Pain),Flo Rida,0.304,0.609
0zcJ8MaIrXrExhV8hTkFDB,disco,Our House,Madness,0.774,0.82
3mhnn3DQ5d3RnC8KMo1t8b,disco,Morning Splendour,MGMT,0.196,0.184
7yT3Zgd8oo5q0CG049DYUH,disco,Car Wash - Single Version,Various Artists,0.821,0.616
1k7Vaz8njTPyofg7I9VKvh,disco,Can’t Get Enough Of Your Love Babe,Various Artists,0.778,0.79
0mLAgHQP1BOkoHhDu622BQ,disco,Get Down On It,Kool & The Gang,0.966,0.646
0Ph6L4l8dYUuXFmb71Ajnd,disco,Livin' la Vida Loca,Ricky Martin,0.933,0.954
11fGpV4GpQELQqSv96DBeA,disco,Boys Will Be Boys,Paulina Rubio,0.555,0.76
5RZy0lULDQlejayzVDaBHX,disco,Skyline,Various Artists,0.359,0.831
0okvHZIwxmGuJZN3Mrxgme,disney,It's A Girl - Score,Various Artists,0.204,0.0438
0BzTfQRemQiGv6fr28nIk0,disney,A Visitor / Caught In A Trap / Lucifer / Feed The Chickens / Breakfast Is Served / Time On Our Hands,Various Artists,0.239,0.206
7I60v3Ctgf1eMefMc69zAo,disney,What I've Been Looking For (Reprise),High School Musical Cast,0.226,0.265
4nAJAIGsWgV6NYOxRSyndd,disney,"Overture (101 Dalmations/Animated) - From ""101 Dalmatians""/Score Version",Various Artists,0.698,0.311
61zQ8XDgOYslFGzfhK823e,disney,Senior Year Spring Musical,High School Musical Cast,0.43,0.89
43HHWK1V3YvvCsG9WstCob,disney,Life's Too Short (Reprise) - Outtake,Various Artists,0.453,0.128
7FCNAQWZQhzG4YN1Y8OBbX,disney,"Heimr Àrnadalr - From ""Frozen""/Score",Various Artists,0.0554,0.0757
5Au8ObNQvrwFVEgGqQQL6D,disney,The Party's Just Begun,The Cheetah Girls,0.927,0.845
18ZYvWeolgr3gEwyg7q7qV,disney,"It's Morning/Ever Chase Chickens/Caught - From ""Lady and the Tramp""/Score",Various Artists,0.151,0.102
6NPVjNh8Jhru9xOmyQigds,disney,Happy,Various Artists,0.962,0.757
1BV7y4aoPBDeKmUQykCsDv,drum-and-bass,Acid Rain,DJ Fresh,0.0396,0.944
0U8azVJLFJhIqAbOqoPUMG,drum-and-bass,Snake Eyes (feat. CoMa),Various Artists,0.172,0.814
4GMeWXUXglYtxugZxqzIfu,drum-and-bass,Music In My Mind,Adam F,0.206,0.971
7D2ckNxoPXrFDJwIzvDMJP,drum-and-bass,Transporter,Logistics,0.135,0.738
2chNQJcKoCk1BQXgFbZaRn,drum-and-bass,U Gotta B Crazy - Enei Remix,London Elektricity,0.581,0.892
52etGx6QfFkWwfbMu3UhC3,drum-and-bass,Raver,Various Artists,0.36,0.938
2LsGZlETjSgXCzNJ7gLdA8,drum-and-bass,Sea of Tears,Goldie,0.14,0.893
3TSnbRCElN4JzIiemCzY7J,drum-and-bass,Square Feet - Original Mix,Noisia,0.111,0.439
4Ca8dKpEJ3Hla0XnJPSARX,drum-and-bass,All Fall Down - Fred V & Grafix Remix,Camo & Krooked,0.115,0.849
5Muk08hnvAKtf0MDHqIq5j,drum-and-bass,Hold On - Sub Focus Remix,Various Artists,0.0393,0.931
26UuXlra3aPPK7M20WrdQ5,dub,Up In The Club,Terravita,0.481,0.98
0oOxvJK76K0439kSZFcE22,dub,Firepower,Datsik,0.0394,0.83
63FmCXIc4lmEq9fNqGkQ57,dub,Archangel,Burial,0.521,0.849
2EFjA0bQbpIseUlPHCeIil,dub,Channel 42,deadmau5,0.414,0.724
6uomknm6K7oOeRDfwBzuV7,dub,Flashing Lights,Chase & Status,0.274,0.808
0THo2D68rpN9jc6EpDbxrn,dub,To The Stars - Original Mix,Feed Me,0.409,0.859
6Y1pfUYizQzgygOkMbj4Cu,dub,Ice Ice Baby (Wunderbros Dubstep Remix),Various Artists,0.46,0.868
7obUW394tDNKqO2YEWt356,dub,Razor Sharp,Various Artists,0.378,0.909
75bLgr2GCd1I77vLxqfU0w,dub,Feel Stronger - Original Mix,Various Artists,0.0381,0.889
1AbOBDJvEakwA48jvsL6ce,dub,Sex Slave - Original Mix,deadmau5 / Melleefresh,0.827,0.515
7wLhQFGsOTHdpbRM1UGrYN,dubstep,Transformers,Benga,0.313,0.585
04l4Ueq5FzSbTvxBqJ1ehu,dubstep,The Sadness Will Never End - Skrillex Remix,Bring Me The Horizon,0.609,0.928
6XpKCDiyuM7iZvyEIBpoHB,dubstep,Innocence - Original Mix,NERO,0.0622,0.732
0bFu1acVz49Y65ll0Fjred,dubstep,Seven Figure Swagger - Bar9 Rmx feat. Bar9,Foreign Beggars,0.0539,0.761
3Ifx6lCMbrjZbAAUnGhlpV,dubstep,Kill The Noise (Dillon Francis Remix),Kill The Noise,0.194,0.914
5MhqNNZnkamSpD55bx7r6n,dubstep,Like a Boss,Eptic,0.635,0.92
67awxiNHNyjMXhVgsHuIrs,dubstep,Turn Down for What,DJ Snake,0.0815,0.799
5Yv87fU5ZTPmGovEyvTCQ3,dubstep,Pain Killer - Kouncilhouse Remix,Kouncilhouse,0.234,0.962
3lsHqnYmyKygando04TD2v,dubstep,Come Find Me,Various Artists,0.0715,0.843
3Qn3LhREMyvnvj9ujRugd3,edm,Hyperparadise - Flume Remix,Flume,0.343,0.838
7IaecDGUsRDMlQ8fS2seW6,edm,Sky High,Big Gigantic,0.409,0.814
05ghH87Bc09RLmS8QTKIWk,edm,Core - Original Mix,RL Grime,0.616,0.949
7yzXK13nRm2fDTCPi9RjAu,edm,Bouncer - Original Mix,Showtek,0.311,0.898
6uQ192yNyZ4W8yoaL0Sb9p,edm,Sugar High,Approaching Nirvana,0.468,0.355
4KHDdWCH1NCtFv2mVGNkCH,edm,Apollo - Original Mix,Hardwell,0.201,0.791
74b9N5Kpk2nCm3coGaVycl,edm,Time Is the Enemy,Various Artists,0.223,0.851
5ClU5122ESEvM9yVI5zyJj,edm,Life - Radio Edit,Steerner,0.246,0.823
42prDRVUOkgzQsfSFL2mmL,edm,Forever,Pope,0.524,0.94
5ctnrRh81WicuT6prsCHYc,edm,Peaceblaster '08,STS9,0.0646,0.766
4Yr5qe66FardIDoGVSy6dU,electro,Sinnerman - Felix Da Housecat's Heavenly House Mix,Various Artists,0.58,0.76
6hgBJPTHoDJyxydmtFWHKf,electro,Rollin' & Scratchin',Daft Punk,0.21,0.791
6MVXdWtPSNMlpn7BuGtCWD,electro,Chronicles of a Fallen Love,The Bloody Beetroots,0.0814,0.596
28O4PwkH8bzARStxeL4pxL,electro,Sexy Bitch (feat. Akon),David Guetta,0.853,0.633
7sCIdsYQ8Nxoj6TjB1Eb7P,electro,Toulouse - Original Mix,Nicky Romero,0.266,0.91
285i9b1YU1kk902tJwKToQ,electro,Take Me - Radio Edit,Tiësto,0.562,0.792
4ftfnryuTPdsuyCiAZAcx8,electro,Wes,Various Artists,0.145,0.712
3H3cOQ6LBLSvmcaV7QkZEu,electro,Aerodynamic,Daft Punk,0.135,0.911
2RS9TJTiHvg0guy8hSmiAF,electro,"The Island - Steve Angello, AN21, Max Vangeli Remix",Pendulum,0.114,0.825
26fwlVGkISUr5P91hAeTW8,electro,Body Language - Interpretation,Booka Shade,0.615,0.76
0d28khcov6AiegSCpG5TuT,electronic,Feel Good Inc.,Gorillaz,0.772,0.705
3aiycOKS6P30BnR7dUfrnA,electronic,Granite,Pendulum,0.2,0.925
5v54ZQ0glzbB9XUPTaX0cj,electronic,Apollo - Radio Edit,Hardwell,0.275,0.742
0HadrlP2mwJidGF3pyBX4H,electronic,Alive,Daft Punk,0.0748,0.716
2Hyi5qmwDUy6jFVicDKo0a,electronic,The Matrix,Bassnectar,0.638,0.922
0voVHEw27CMdHKmOKynVvy,electronic,No Love,Hooray For Earth,0.358,0.827
5Nn2Dj7OQsGL6pgQ9iIzPp,electronic,Ghostwriter,RJD2,0.594,0.68
2YTiNSTI8XI390KO6SjUzS,electronic,Eyes (feat. Mindy Gledhill) - Extended Mix,Kaskade,0.213,0.488
5hCh2Lpczm74c0ML4HeXHe,electronic,Grand Theft Ecstasy - Original Mix,Feed Me,0.538,0.5
5V8FZu35JCwsXPTP0VKArZ,electronic,Why You Wanna,Poolside,0.796,0.864
7wOInrhCRiWaXdzvQ7oUvN,emo,Don't Go (feat. Lights),Bring Me The Horizon,0.0875,0.786
5OQfiat3fphNTvrWoSy7Cx,emo,Celler Door,Escape the Fate,0.229,0.937
5VHwEHR0IfvV4f7V7o0qnt,emo,"Nails for Breakfast, Tacks for Snacks",Panic! At The Disco,0.621,0.946
0BpKPyXhWsTaWkgXeOd1Sn,emo,Thank You for the Venom,My Chemical Romance,0.413,0.977
2ymt2b4x03JKFOIJj7YtDr,emo,If It's Here When We Get Back It's Ours,Texas Is The Reason,0.306,0.996
1CRVvwUopaV42bAEvoh194,emo,I've Got All This Ringing In My Ears And None On My Fingers,Fall Out Boy,0.4,0.922
1dVJeNpE50x1rqKRDQXvxA,emo,Friends And Alibis,Escape the Fate,0.373,0.953
7qTq5Oo8GJOQmL1XUYOSe5,emo,Chinatown,Jets To Brazil,0.239,0.415
7oVEtyuv9NBmnytsCIsY5I,emo,BURN IT DOWN,Linkin Park,0.585,0.972
4chdIr2d5FwtO0vmie4lA4,emo,All We Know,Paramore,0.367,0.906
1qYsHkUBFSRrGEQqkogO6U,folk,"Leaving, On a Jet Plane - ""Greatest Hits"" Version",John Denver,0.666,0.213
3AkxSspcYOvhWTkaMvqyaD,folk,Volcano,Damien Rice,0.437,0.289
4nS1WVloJ0SnhWKPtOkmDa,folk,A Gentle Few,Joe Pug,0.507,0.265
71PfUEYhCLmqttVTYizFDh,folk,In Spite of Ourselves,John Prine,0.702,0.27
2Z5zmur6Y9tpoNc9jkA1OS,folk,When I Grow Up,First Aid Kit,0.246,0.525
4K6y1N6ZlXXHQzoaQPhrQ8,folk,End Of The Line,Boy & Bear,0.617,0.887
2Oehrcv4Kov0SuIgWyQY9e,folk,Demons,Imagine Dragons,0.416,0.71
60ZGteAEtPCnGE6zevgUcd,folk,Mountain Sound,Of Monsters and Men,0.37,0.879
3lP4jIScaPeHfJlPN98jwV,folk,My Manic And I,Laura Marling,0.478,0.286
4rOuDv5182DJ00Wu2y6a5d,folk,City Kiss,Frànçois & The Atlas Mountains,0.676,0.835
4U2v3TgHp2B3d7fRifpZF4,forro,Cintura Fina (feat. Marines),Dominguinhos,0.977,0.787
4SVvAqf7O5zKebWjYTNHK0,forro,FM Rebeldia - Live,Alceu Valença,0.519,0.803
2JKyO0gF4ZGZ8tEwrcXdGv,forro,Pagode Russo,Forro In The Dark,0.843,0.684
70s6otGYfMxMQXXtd9EXoG,forro,Não Tenha Medo,Trio Virgulino,0.884,0.626
6P4wIdCwKijOlh1ufBwDKB,forro,A Casa Caiu - Live,Cavaleiros do Forró,0.867,0.88
5KQUOSnA7c8BimAPTVhy6V,forro,Xote dos Milagres,Baião D4 / Rastapé,0.77,0.474
14IJuHkqncNH3jEz7HG6DX,forro,Ardendo de Amor (Ao Vivo),Banda Calypso,0.897,0.852
1P2cC0daWOoZWUjUYLfIgA,forro,Tem Mais Alguém?,Calcinha Preta,0.698,0.76
3TnwxFKrsFtZ3FeAJMnj60,forro,Tum Tum Tum Apaixonado,Various Artists,0.943,0.915
6LvuRWVuOMAhTPqxHsdV4Y,forro,A História do Peixe Tuninha,Pé de Mulambo,0.879,0.717
2RoAAKHlhHJSSC7dRO5Byc,french,Laisse Tomber Les Filles,April March,0.88,0.888
1Jt19E9l0qsK1y6sG1v1du,french,C'est comme ça,Jacques Brel,0.952,0.322
1r9o3HnWB2mm7WyC6wQWNA,french,BLIZZARD,Fauve,0.271,0.871
76615pe5Ee0ELIEFsNU8Jm,french,Cooler Couleur (feat. Yelle),Various Artists,0.446,0.671
4hchlt88rTtEVsSUnD3Yt1,french,sommeil,Stromae,0.414,0.628
74R5cmPdZiSYz23UGAWkgr,french,Bambino,Compilation Titres cultes de la Chanson Française,0.62,0.351
19wTIVLYwubMX8XZppB6lH,french,Laisse pas traîner ton fils,Suprême NTM,0.832,0.723
7H5Jw7GQh0ij0UMGwLkdKR,french,Que C'est Triste Venise,Charles Aznavour,0.404,0.549
13qqdlSeF8FcxsRyapDMZ0,french,Changes,Faul & Wad,0.255,0.704
6emEzY0U6EGCkbQJZvoAvn,funk,Got To Be Enough,Con Funk Shun,0.977,0.718
1bYBLZUHKK0m93qZ4cMWJC,funk,Play That Funky Music,Wild Cherry,0.901,0.87
2INsiycUgobLSy4ksO4MzK,funk,Paint The Toon (feat. Connie Lush),6ix Toys,0.902,0.967
62W5VouctXG9jggZdHaEi1,funk,Livin' It Up,Mandrill,0.639,0.612
6Pb0WHqmmTL308Z2uQrNP1,funk,Slippery When Wet,Commodores,0.944,0.866
3pInAc8KCHwv0kEEiamZtu,funk,Working Woman,Gizelle Smith,0.875,0.947
62fnuo5anKzkxu7fL8kp0d,funk,Get Down Baby,Excellent Gentlemen,0.731,0.457
7kQlRwniTCGhVny4V5whXZ,funk,Hot Pants... I'm Coming I'm Coming,Various Artists,0.886,0.739
1TB0dZqFRQsnf4fLLLRKQV,funk,Just Kissed My Baby,The Meters,0.961,0.615
3gLBGaGPWKHi9utz69uHCc,funk,Cook It,Cookin' On 3 Burners,0.885,0.91
3okPiJwW5nCLpug12sCL4p,garage,All Day and All of the Night,The Kinks,0.71,0.915
596ZFzLjAI58LTxkXbQWuj,garage,4D,Koreless,0.0721,0.386
1dsdmblZO8CQN6mFtROzY3,garage,Never Again,Submerse,0.272,0.702
33ytgjBqchYHhhRfKWMCvH,garage,Fell In Love With A Girl,The White Stripes,0.379,0.977
1IpeK8SXhaolegz992pl1s,garage,Oh No - Remix,Oxide & Neutrino,0.819,0.698
56UNoQz1kXeBZeqmQbFpYe,garage,Body Groove - Mix Mc Version,Architechs,0.92,0.707
1hWrl3T1kIH5b9zRHLfCOn,garage,What's My Age Again?,blink-182,0.433,0.954
1hvXfgrFC8oVgBiD0qwpKJ,garage,Ride The Lightning,Metallica,0.241,0.962
5AZ6hLIGyKlH5iXCVUyuQn,garage,Shake Ur Body (feat. Di) - Sunship Dub Mix,SHY FX,0.648,0.517
50ki9O6Ftb8nm2x0817DHx,garage,All The Right Friends,Various Artists,0.679,0.904
5HQVUIKwCEXpe7JIHyY734,german,"Young, Wild & Free (feat. Bruno Mars)",Snoop Dogg,0.531,0.655
5rOFeQ18pbdUm209Lcq7rp,german,Wie soll ein Mensch das ertragen - Projekt Seerosenteich [Live],Philipp Poisel,0.112,0.393
4yOn1TEcfsKHUJCL2h1r8I,german,Feel This Moment (feat. Christina Aguilera),Pitbull,0.531,0.758
65g0lR6MukyJYkHSixITFk,german,Einstürzen Neubauen,Max Herre,0.795,0.796
7zyki4FEaC6OPAJ1BDG9E4,german,Neue Männer braucht das Land,Various Artists,0.815,0.794
6YW2VVcRPJH2GEVPwhQAjf,german,Hello Again - Remastered 2001,Howard Carpendale,0.674,0.595
72yHcYTFilEkFY1cJigOaE,german,Let It Roll,Flo Rida,0.698,0.915
1OXXHjF3kthTy3eisKMvUc,german,Das Spiel,Annett Louisan,0.754,0.459
5ve0BYRZZ2aoHFqZMxqYgt,german,We Can't Stop,Miley Cyrus,0.5,0.619
66mi3OKkrYHZkV9T62Ytyy,gospel,Let The Church Say Amen - Radio Edit,Andrae Crouch,0.265,0.536
3a9axbDNJt7UaNhc8KXGqH,gospel,It's Gonna Get Better,CeCe Winans,0.264,0.451
3GS0q9t4y5GYwHCekx8Idp,gospel,There Is A King In You,Donald Lawrence & Company,0.326,0.628
63KtiZIEvIByIhP3ruQi9r,gospel,If You've Been Delivered,Kirk Franklin,0.872,0.553
2xzd8t0YNgFJ8YH4yblb4l,gospel,Fo' Sho',Yolanda Adams,0.681,0.672
31Kb7jyAscJJma1gTXRUFQ,gospel,Holy Is The Lord - Arriving Album Version,Chris Tomlin,0.422,0.708
6J3uRKOY01lYkTV2leVgl0,gospel,When You Fall,Kirk Franklin,0.271,0.401
5zSQIGeKoMj9m0LnoeBdE2,gospel,Thank You,Richard Smallwood,0.175,0.485
07nv6M8pDLGNZoNpwp2RRD,gospel,Stomp,Kirk Franklin,0.732,0.918
1FEE0wRzmiUqGvzYwkzQ7C,gospel,All I have to Give,Mali Music,0.182,0.29
3cHIsDZtW1cuYwwyLkagkw,goth,Serenade Of Self-Destruction,Epica,0.161,0.915
3JtUsDbkj5R2NF6SYDQ0AD,goth,"While Your Lips Are Still Red (Theme From ""Lieksa!"")",Nightwish,0.114,0.689
5W8K2a4nCZ8df93uJm2pjI,goth,Spellbound,Siouxsie and the Banshees,0.282,0.893
1A5eu96KXLSNiwzKPQHTwu,goth,A Rose For The Dead,Theatre Of Tragedy,0.263,0.757
666mHhnkJr2pZ9mggiLYJr,goth,Losing My Religion,Lacuna Coil,0.221,0.857
6cy4WXysFe2Cnr7yB7XwWh,goth,Braveheart,Imperia,0.366,0.752
0ozPEBvfFGe7savymg1oXv,goth,Sacrament Of Wilderness,Nightwish,0.386,0.928
2U07Cpv8Lcnm2J7mi2CNVK,goth,Avalanche,Epica,0.11,0.842
4llQpLrsHoyA0cCwIbz5Vr,goth,In Sumerian Haze,Sirenia,0.521,0.559
2leE7gGtgcclQ3Yh9jg21S,goth,Say My Name,Within Temptation,0.193,0.493
624JyqLawVg72WgoffHLy0,grindcore,Bodily Dismemberment,Repulsion,0.146,0.996
2VSJPkBUD1QdmzDzOZv0xZ,grindcore,No Threat,Extreme Noise Terror,0.0317,0.999
0syjiOfLef5jkjph3L1rOg,grindcore,I Noticed That You're Gay,Anal Cunt,0.364,0.94
6I0gJmiGy9rdE2QJvb2w89,grindcore,Angles Anonymous In Transit,Trap Them,0.338,0.996
5XMwamNZe21E3tTiK66mdM,grindcore,If Symptoms Persist,Napalm Death,0.462,0.974
5rtuwWOYLg4ptqGOjLlHZw,grindcore,Sheet Metal Girl,Pig Destroyer,0.0381,0.999
5FFLnBgytmIeW1tQuppu3U,grindcore,Mass Communication Mindfuck,Insect Warfare,0.0274,0.998
7g0f1F13axfvkpNmtDT2K8,grindcore,"A Living, Breathing Piece of Defecating Meat",Cattle Decapitation,0.183,0.993
0JPd55tikxzevDHvzvlmap,grindcore,Plunged Into Illusions,Wormrot,0.0389,0.996
2q5iduXp2KmRfvvIq2caaG,grindcore,Worldcraft,Nasum,0.446,0.979
5l1RLE94Y7nrowPN5LvAci,groove,Wake Me Up Before You Go-Go,Wham!,0.821,0.794
2ATDkfqprlNNe9mYWodgdc,groove,Dancing Queen,ABBA,0.677,0.93
3DP6z6rNK3pqDDy10c2oXl,groove,Rasputin,Bobby Farrell,0.897,0.756
4T9HKCujjuQb9XRJtXu7yv,groove,"You're My Heart, You're My Soul",Modern Talking,0.812,0.462
5zCJvrT3C7cIfHsR5iG95l,groove,Lean on Me,Bill Withers,0.413,0.235
6MdqqkQ8sSC0WB4i8PyRuQ,groove,No Diggity,Blackstreet,0.67,0.646
300zfRaCgTmEm5Eqe3HqZZ,groove,Ghostbusters,Ray Parker Jr.,0.789,0.717
6mz1fBdKATx6qP4oP1I65G,groove,Pony,Various Artists,0.966,0.605
449u2me7lmUreBa6KpXrDQ,groove,Try a Little Tenderness,Otis Redding,0.068,0.133
3eizmXTqi2Ku6ZYsVtwPp6,groove,Le Freak,Various Artists,0.857,0.839
6ZzeXWwDvMzrgCWt9RwBj1,grunge,Pretty Noose,Soundgarden,0.317,0.925
4mWYx9wadNBVrgcTRzHSkB,grunge,World Wide Suicide,Pearl Jam,0.721,0.959
2CWUT92RfJa7il0QwK9VAG,grunge,Where The River Flows,Collective Soul,0.964,0.731
0NEPVh6BNyprxGd17JCVUD,grunge,Brother,Alice In Chains,0.275,0.542
1352ab20uMPsZR0SbEbFuI,grunge,"Hey, Johnny Park!",Foo Fighters,0.388,0.8
15VRO9CQwMpbqUYA7e6Hwg,grunge,The Man Who Sold The World,Nirvana,0.42,0.753
4tfWxyTBCJoN5gK358oL3W,grunge,Deep,Pearl Jam,0.25,0.882
6qBSeft0cJFs5N0RGpbstt,grunge,For Celebrations Past,Screaming Trees,0.574,0.972
6Hv2dcv2Ph9qgpghww6VQf,grunge,Army Ants,Stone Temple Pilots,0.139,0.936
1eoQNKgUm4dX9nk0876FsL,grunge,"Skin And Bones - Live at the Pantages Theatre, Los Angeles, CA - August 2006",Foo Fighters,0.246,0.505
6EvgWSbWmQelxrQBmhEdXh,guitar,Heart-Shaped Box,Nirvana,0.278,0.778
6XIQe8CyDYFHN0iCjfRIuj,guitar,Cryin',Aerosmith,0.498,0.828
3jfr0TF6DQcOLat8gGn7E2,guitar,Do I Wanna Know?,Arctic Monkeys,0.405,0.532
0Ko737UNjXO17LK4Urdlwo,guitar,Fortunate Son,Creedence Clearwater Revival,0.603,0.529
5MsJ67JkQ5EReZw6MJZgpm,guitar,Stay with Me - 2008 Remaster,Rod Stewart,0.827,0.88
7nnWIPM5hwE3DaUBkvOIpy,guitar,Drive,Incubus,0.666,0.792
1UBQ5GK8JaQjm5VbkBZY66,guitar,Sharp Dressed Man - 2008 Remaster,ZZ Top,0.446,0.859
12qZHAeOyTf93YAWvGDTat,guitar,All The Small Things,blink-182,0.712,0.893
4x7gAMNYaYJbAP1A7OEQ2s,guitar,Breaking the Law,Judas Priest,0.504,0.948
71O2cea0Y2Blk0Etjutr7p,happy,Fuck Shit Stack,Reggie Watts,0.859,0.507
2fQxE0jVrjNMT9oJAXtSJR,happy,Domino,Jessie J,0.781,0.557
6CU0zWIWVTEnmWpSjVHM93,happy,You Gotta Be,Des'ree,0.492,0.669
2374M0fQpWi3dLnB54qaLX,happy,Africa,TOTO,0.732,0.373
7Hv89f7Dpm5Hce1XkBbjQZ,happy,On The Floor - Radio Edit,Jennifer Lopez,0.462,0.68
4X1LS2LEYxKdlvHq5oZesi,happy,Sweet Home Alabama,Lynyrd Skynyrd,0.935,0.634
3n69hLUdIsSa1WlRmjMZlW,happy,Breezeblocks,alt-J,0.293,0.658
7AqISujIaWcY3h5zrOqt5v,happy,Forget You,CeeLo Green,0.772,0.875
2rP1trgJt4yTePSh8nKxxo,hard-rock,Kickstart My Heart,Mötley Crüe,0.254,0.97
2yXpbIxcu4Ix5V5UxlrHiZ,hard-rock,Rebel Yell - Remastered,Various Artists,0.485,0.823
2PfBSkCKZDXMsJogMT0wML,hard-rock,Jump,Van Halen,0.774,0.822
0cYduKz7njWaJ73PGn6OGW,hard-rock,Amaranth,Nightwish,0.319,0.874
7g6j2SGvsvcUi6OLD9Qe1o,hard-rock,White Room,Cream,0.497,0.605
53XBXgtdqf1gmWMm3rqV27,hard-rock,Tribute,Tenacious D,0.422,0.767
3vPrFUtWpKT9oNW94NDDEW,hard-rock,Don't Know What You Got (Till It's Gone),Cinderella,0.247,0.527
59pBA1HUMol92PIIeJ0h9F,hard-rock,Painkiller,Judas Priest,0.101,0.987
0C58Q1PLFizewm2FcYikwz,hard-rock,To Be With You,Mr. Big,0.532,0.701
50r8v0uwRlhlBiy3o39DIq,hard-rock,Poison,Alice Cooper,0.285,0.893
1IQGPY9kKYPEG4pzjQvy5f,hardcore,Titus,Trapped Under Ice,0.267,0.948
2C3q8kElxfujYlrC5mJ8R1,hardcore,High Hopes,Gorilla Biscuits,0.344,0.731
2L47ycvfBMJFzI5dmCmWmq,hardcore,Operation,Circle Jerks,0.778,0.92
39i6fkXY8jQHVjpEfUEala,hardcore,The Bars,Black Flag,0.281,0.82
68mxSRceQGei3sjSEs99LD,hardcore,The Riverbed,Gallows,0.141,0.961
0a9GDF9PsLqCfkMXBUAsHk,hardcore,Bottled Violence - Version,Minor Threat,0.444,0.965
6CdsIZADHRZeavERxnzEtt,hardcore,Keep Your Mouth Shut,Terror,0.625,0.987
7FnEdDrPWBzdYFVoi7uKOz,hardcore,It's Time,Agnostic Front,0.556,0.985
0WJEXCpCwMf0xnn0sOl5CY,hardcore,Olympia WA,Rancid,0.643,0.959
2vuY4aYI49AY6pXB12ivBu,hardcore,Cheer,Descendents,0.852,0.744
44aNaaHvLcEUkjQmdwElpw,hardstyle,Last Night Ever,Yellow Claw,0.172,0.827
1J7tT8mcbRRGhosBd9BwGW,hardstyle,Running Late - MF Earthquake Rawmix [Radio Edit],Various Artists,0.375,0.961
5s5zzzxbxImDkOje7AVGkj,hardstyle,Triplet Overkill,Various Artists,0.672,0.78
6fI4CmY9vSqLGGbHV0uisL,hardstyle,Let's Go! - Original Mix,Pavo,0.324,0.988
0Ms0j1nmzWjn1upbIYndVO,hardstyle,Moment Of Creation - Original,Coone,0.226,0.808
6bFS2nycNhCHaNcY3PjuGT,hardstyle,The Solution - Original Mix,Unifite,0.444,0.88
1xfKYIZgJWGIcLKYVwfT1e,hardstyle,Supernova,D-Block & S-te-Fan,0.245,0.855
6i4pI7ML9iAAYYqCOVM1ee,hardstyle,Noise Maker - Code Black Remix,Zatox,0.467,0.938
0x0Q3Mns2RIjVtQ1aHEB1m,hardstyle,Trigger - Edit,Rebourne,0.343,0.928
0YOHv53bWFLKnfO2sITfqB,hardstyle,Revenge - Original Mix,Wildstylez,0.0492,0.952
570k0iNqjdLlBjkVBPajWy,heavy-metal,Animal (Fuck Like a Beast),W.A.S.P.,0.202,0.972
3YB4KNfs8qeIXpJkvaRTBk,heavy-metal,Paradise Lost,Symphony X,0.297,0.801
4E5xVW505akJX0wcKj8Mpd,heavy-metal,Tornado Of Souls - Remastered 2004,Megadeth,0.361,0.982
5gnjaZqOaqE5GZKjby8KoT,heavy-metal,Electric Crown,Testament,0.546,0.905
0MyD8wBQiJaEZi0EXJn82D,heavy-metal,Gates of Horn and Ivory,The Agonist,0.294,0.98
7a7nlgfjoeEtIAW0QJzU4m,heavy-metal,Nerve,Soilwork,0.118,0.965
6G1r9YfIWGGnhg240AU1o1,heavy-metal,The Things We Believe In,Orden Ogan,0.2,0.941
5KdQ9VmTHla75wnUmFyOSb,heavy-metal,Departures,Ghost Brigade,0.192,0.85
6c1hKkBNxNOL7Nv8kINyas,heavy-metal,Axe of Judgement,Ensiferum,0.119,0.995
2UiN0B9TR57ijtWhZYGnTj,heavy-metal,My Apocalypse,Arch Enemy,0.281,0.896
1Z7C8ClE8UEaH70jCCeJH2,hip-hop,Ten Crack Commandments - 2014 Remaster,The Notorious B.I.G.,0.781,0.85
5IweeQZdY5XEzStLzUJG5t,hip-hop,Purple Pills,D12,0.754,0.634
09avKKLKXaJcbeaGTmLCOs,hip-hop,D.R.U.G.S.,Ab-Soul,0.417,0.447
3p1oRfbN2RrDdSyG8S7itI,hip-hop,"The Gangsta, The Killa And The Dope Dealer",Westside Connection,0.486,0.737
4ntsD33Pgsgk8rUyZLLiUV,hip-hop,DEVASTATED,Joey Bada$$,0.485,0.628
1gZNqH0rDxD1mXLeul1Qq7,hip-hop,Time for That,Kevin Gates,0.304,0.617
1iuljeYz6ZG3GTJOZZkoer,hip-hop,RGF Island,Fetty Wap,0.518,0.764
5oqSr3rehtGgZyDh0LCSA7,hip-hop,Gotta Get Mine,MC Breed,0.402,0.52
2TYyvCJgikY7B2AfHPE67M,hip-hop,Kill Jill (feat. Killer Mike & Jeezy),Big Boi,0.113,0.527
18LgnmZIds56d00L53aauA,hip-hop,Switch Lanes,Tyga,0.463,0.851
5lNYFb9VO53hDqlhNWcJ9a,holidays,Winter Wonderland,Steve Tyrell,0.55,0.593
1M2Yl6RFxLiix6U36d8Tv4,holidays,Auld Lang Syne,Various Artists,0.664,0.131
6TnjaL02usP9dwCGzdk5GS,holidays,"You're A Mean One, Mr. Grinch",Various Artists,0.42,0.484
1mO5UKNMvwvEGFngMmWe7n,holidays,Christmas Heart,Various Artists,0.221,0.0831
2m4lvM8pTsQdii4Pi5Z2Yf,holidays,April Snow,Various Artists,0.265,0.255
0AWYAEJ7cnZ9zqCZdMNLk9,holidays,December,Various Artists,0.358,0.0423
5HP7Zhk4j4u9KREaCf3N1U,holidays,Silent Night,Various Artists,0.0992,0.153
3yRw3Pw9JXjr8hq9sCAzUl,holidays,The Stingiest Man In Town,Various Artists,0.961,0.521
3g0atyHxTcqI9wkGR9Y7U3,holidays,Have Yourself A Merry Little Christmas,Ella Fitzgerald,0.502,0.25
5qv8UWJENO63cjWZydytvf,holidays,"Silent Night, Holy Night",Johnny Mathis,0.167,0.121
4dim8F8t01qimHOmr6S3Gd,honky-tonk,Hello Walls,Faron Young,0.695,0.406
2dvYQFo0yEASDUIQmcfyM0,honky-tonk,Parking Lot Party,Lee Brice,0.856,0.86
1Zocw1rD4cBv1rRRsFI0Pj,honky-tonk,Should've Been A Cowboy,Toby Keith,0.693,0.686
2cHPtMTKv1gcc3Ud9BCgfv,honky-tonk,Ingen ser min tår,Lasse Stefanz,0.926,0.738
24Ew0QYeGLh62CX4bz9iGJ,honky-tonk,If Heaven Wasn't So Far Away,Justin Moore,0.385,0.466
1n3q9eF2qqOaWHBBQHLRXw,honky-tonk,I Will Always Love You - Original Version,Dolly Parton,0.156,0.142
7eNdx6ittlxJGTqp5gLYLT,honky-tonk,My Love For You (Has Turned To Hate),Hank Williams,0.758,0.43
5HGibWoxnkYSkl6mHmAlOE,honky-tonk,That's My Kind Of Night,Luke Bryan,0.875,0.751
3Qe097eJNp9MfpT2PieEw0,honky-tonk,Don't Ya,Brett Eldredge,0.581,0.693
1MDogqDrStFSO9cdUTUFem,honky-tonk,Doin' What She Likes,Blake Shelton,0.832,0.767
6WakVarAzRjMKN4R4UcWus,house,Escape Me - Avicii's Remix At Night,Tiësto,0.256,0.834
2dLLR6qlu5UJ5gk0dKz0h3,house,Royals,Lorde,0.337,0.428
2Ag1k8M377s0lShCAShtMx,house,Nothing But Love (feat. Errol Reid) - Radio Edit,Various Artists,0.354,0.8
5Z8CCpCTexeH36waq0T74y,house,Beautiful People - Radio Edit,Chris Brown,0.588,0.807
4p1BSvCxbcvPaSQWZdjUqj,house,Cloud Breaker (feat. Yves V) - Basto Radio Edit,Basto,0.687,0.981
3q4QEUy9CA2kyFjhSIBLv9,house,Lionheart - Original Mix,Afrojack,0.0382,0.786
6GpcFTcLIc0eeR7Q7dVMXZ,house,Wasted,Tiësto,0.375,0.832
14fmbvjYLqRZEXz1VZdM2M,house,We Found Love,Rihanna,0.609,0.74
19Y4ZNlzPqgmWyF4qK3BSq,house,Platinum Chains,Michael Woods,0.214,0.923
6JIoPNdhmi7MlIRpZ5ozuY,house,We'll Be Coming Back (feat. Example) - Michael Woods Remix,Calvin Harris,0.183,0.959
21lHqykRsmecttHNAfGk4C,idm,A Drifting Up,Jon Hopkins,0.256,0.507
4Z8jptUDjJDuxBf0pSOvSi,idm,Brace Yourself Jason,µ-Ziq,0.447,0.734
1H5IeoHedbTMhi7mx5guKI,idm,Children Talking,AFX,0.754,0.885
60ux0F9g7hHE2HA7yqanFk,idm,Please Don't Remember,The Flashbulb,0.539,0.968
1VXdxAOqJotFBoe2IB2vMl,idm,A Secret,Arovane,0.478,0.607
0fmb4T1PjcJ1jPbaSQBjK2,idm,Calbruc,Autechre,0.305,0.754
5btoCsIfEyge27khpSandh,idm,Bricks,Clark,0.3,0.939
12l5YvRBNHUdUWSIBkxItS,idm,#16,Aphex Twin,0.0284,0.558
0MGv9JrC6ZNsXlpLVGr9a2,idm,2,Squarepusher,0.15,0.811
4SEDYSBDd4Ota125LjHa2w,idm,The White Flash,Modeselektor,0.352,0.595
4vWBetFgUQE4nZZgriHhwi,indian,Yeh Dil Na Hota Bechara,Kishore Kumar,0.876,0.723
7i7IZexNaAJzhzDV01dgmD,indian,Gum Sum Ho Kyon?,Shaan,0.259,0.458
0yZLXvHT9YYDy0sy2GdNFm,indian,Tujhe Bhula Diya,Chai-Town,0.552,0.313
7Bklue8gfDnzNQ7nHgU6b6,indian,O Jaana - The DJ Suketu Dance with Me Mix,Various Artists,0.851,0.896
1xpErE9benTfjd8XJQu4Ll,indian,Mann Mera (Remix),"Gajendra Verma, Neeraj Shridhar, Sachin Gupta",0.649,0.822
5aNuuvbZROtlGww4rTOnqH,indian,Yaaram,Vishal Bhardwaj,0.336,0.645
7LGgRybx6vnACSRnYcGmMl,indian,Judai,Pritam,0.829,0.837
1O8T5ZHTNc84mW8HKytBti,indian,Raga Piloo - 1999 Remastered Version,Ravi Shankar,0.604,0.357
299jkJ3J7MNgW8UO4etZsJ,indian,Sorry Sorry,Sachin-Jigar,0.692,0.797
4aSz4c56JROMqJHcLg0Vch,indian,Bin Tere - Remix by DJ Kiran,Vishal-Shekhar,0.465,0.92
3EytfC22ikoXM921cJbejn,indie,The Gold,Manchester Orchestra,0.457,0.689
4SNtyKNyYJ8ERT7YLlnFBr,indie,So Young,Portugal. The Man,0.811,0.445
1iJdIZU5Ffgixa92wrcZZC,indie,Man Of Oil,Animal Collective,0.77,0.565
2QilECqmzYBoI6yS5D8ftS,indie,Salad Days,Mac DeMarco,0.757,0.784
3msS7xaelR4Oa0n7IwHkgF,indie,So Tied Up,Cold War Kids,0.81,0.894
2bbhyUWJ5VjdfI3P4PRLu2,indie,Samson,Regina Spektor,0.184,0.193
4jNQkWhuzqrbqQuqanFFJ6,indie,Where Is My Mind,Maxence Cyrin,0.0566,0.114
2Vy7B6YpJHfqSzMmheUfvy,indie,When U Love Somebody,Fruit Bats,0.586,0.763
5k7VKj1Xwy5DjO4B0PdAOb,indie,Nude,Radiohead,0.156,0.342
1UKd207NfxFvKpOiuguKhe,indie,Nuggets (feat. Bonzai),Mura Masa,0.65,0.611
1Er5JMNcguoBMFXxwZ7BWH,indie-pop,White Winter Hymnal,Fleet Foxes,0.649,0.534
2fAIfPLrPUTW1AmJRR428Q,indie-pop,Ruby,Kaiser Chiefs,0.448,0.939
3LlAyCYU26dvFZBDUIMb7a,indie-pop,Demons,Imagine Dragons,0.428,0.71
25nzKGDiua1lE9Qo5V19GL,indie-pop,Young Blood,The Naked And Famous,0.358,0.865
4N42ow0h4JoK68OQwOzsQn,indie-pop,Love Will Tear Us Apart,New Order,0.908,0.921
4VbDJMkAX3dWNBdn3KH6Wx,indie-pop,Helena Beat,Foster The People,0.736,0.876
68dF2fJhETbjO3BVr3WUHo,indie-pop,Song 2,Blur,0.855,0.709
1K66si1ZELsRZzg7m7mcps,indie-pop,Shut Up and Dance,WALK THE MOON,0.632,0.88
1akkzUk0nUq90X56xDVGHZ,indie-pop,Everybody Talks,Neon Trees,0.725,0.924
2AGP16NS5LsvnskU9PdafD,indie-pop,Warriors,Imagine Dragons,0.307,0.823
4vqsSiOlhCBdnTwW0IjF8O,industrial,Lost,Rotersand,0.224,0.978
7LZN1TG85lyhHCGeXk3NC8,industrial,Free Your Hate,KMFDM,0.18,0.975
0c2uacKrb1vubqt22pLQfe,industrial,Der Räuber Und Der Prinz - 1998 Remastered Version,Various Artists,0.344,0.429
6otrieuSydotS0bjW8mPRj,industrial,The Men,Covenant,0.47,0.906
6CIc44ozMdhdMTEcxW624b,industrial,Thunderstruck,Ministry,0.184,0.914
0fbbSNH28FSbAkMUQ632i0,industrial,Mr. Self Destruct,Nine Inch Nails,0.248,0.885
5BXBi5pLeJhblMVH2ltjpl,industrial,Computer Love - 2009 Remaster,Kraftwerk,0.516,0.622
3qxf06gq6IsYHCXcHPpRAJ,industrial,100%,Angelspit,0.726,0.905
34AAdGo3vKl59Dj4H8tXzW,industrial,Beast,KMFDM,0.279,0.863
5YgMqa7KqF8j1J9q4U1clp,industrial,Epr // Edp,Grendel,0.717,0.925
2ei58Yi4d4CXYRSy0lUyJA,iranian,Slightly Slower,Dang Show,0.619,0.482
0TdjAqEuCqAsVa0pBdrZHs,iranian,Badbin,Ebi,0.512,0.799
1B3siszZhDlL4tjse5X15R,iranian,Khodaye Mastoon,Bijan Mortazavi,0.522,0.379
6gF4y1bbn1J6WhrPMYCkru,iranian,Eshareh,Googoosh,0.314,0.245
3j9xKlI9leF2amZVDFMboa,iranian,Gol(Shahram),"Omid,Nooshafarin,Moein,Shohreh",0.673,0.386
76TittU2Ku4pBeqqbjWhHE,iranian,tar-o pood,M. R. SHAJARIAN & Hossein ALIZADEH,0.328,0.248
7FCen2HJvosPGSbuqOpFeU,iranian,Daro Va Nemikonam,Various Artists,0.821,0.582
5rD3R7rwetk7uFRbFPBB9u,iranian,Shabzadeh,Ebi,0.383,0.574
1zig8GaSDzujyojYbRi19H,iranian,Minaye Shekasteh,Marzieh,0.133,0.223
0phCtJnlLACPI2rrVzTSBG,iranian,Tike Tike Kardi,Arash,0.608,0.896
46L8ZsdH6KvtBK92lmsOJX,j-dance,Love myself,Milly Milly,0.36,0.765
6sjbxO72wNsEPWay1rjFQC,j-dance,Wataridori 2,Various Artists,0.53,0.539
3hof2ah9gWvdAiFLwcxROO,j-dance,たったひとこと,Kavka Shishido,0.543,0.584
0qsTkXHhyaXDhTzVp13fE4,j-dance,掌にある未来,lecca,0.705,0.757
6kaT4agAhoYnsHY7xM2zRK,j-dance,tell me,FPM,0.684,0.484
4Vmc5uEE1bLopCkdAiGFZq,j-dance,アラジン,WEDNESDAY CAMPANELLA,0.71,0.985
2fK3IWwSTHdYzqZRDYNI5C,j-dance,Black Crack,80KIDZ,0.607,0.926
7dMVUBJP8XjcMgifnXmVVT,j-dance,Awa Odori,ORIONBEATS,0.424,0.988
0FnmzVKW77Ri2hEJ57bghT,j-dance,Indoors,Star Guitar,0.342,0.838
3ksXui0xvSuCO39FxSti9s,j-dance,光(Single Mix),MONDO GROSSO feat. UA,0.09,0.863
1sIvdNdT40vbQHGqzpH0Yu,j-idol,Desktop My Girl,Cutie Pai,0.91,0.974
583pvQTzHjMlF2FekJQisG,j-idol,鼓動の秘密,Tokyo Girls' Style,0.85,0.909
2FcEoJQ5Od2SRZG7ids8Gi,j-idol,TOKI,Da-iCE,0.682,0.881
7I00bfTqqneUNa4oHRwWvz,j-idol,Chérie!,Team Syachihoko,0.547,0.874
6Yn8h95iZQuBWnAn2t21XO,j-idol,ファイヤイヤっ!!!,otomeshinto,0.705,0.969
0tviFc3wrd2nwbVxNfvjs3,j-idol,My love song,Houkago Princess,0.15,0.506
1K9TFW6eH74A5pirFqOPhw,j-idol,ありがとうキミへ,MAG!C☆PRINCE,0.441,0.803
6eb5zSiWdDw9B3fAVCRKpC,j-idol,キミがいてよかった,Makomina,0.695,0.719
5MilZWGsM3OvrJGRv2pIWX,j-idol,アイ、スクリーミン。,LinQ,0.518,0.945
1JyPBoN4ylTQt3tgluVm0e,j-idol,アキハバライフ♪,Dempagumi.Inc,0.952,0.982
2mKs99EKjf2t4ZflTMy9eQ,j-pop,RUN,MINMI,0.467,0.799
1hRWjTcAVz1RsMeiv6EE5X,j-pop,コトノハ,ayaka,0.356,0.422
7CE92yFHJRf5Wj85Aof8Am,j-pop,Hometown,Every Little Thing,0.745,0.901
7oSD1rdPsMqq02W9N1hhDV,j-pop,検索,Saku,0.676,0.973
1bNLOSCSN1Dq9X2EsKPxaB,j-pop,プラネタリウム,Ai Otsuka,0.511,0.582
1IBeMDhHWOnLxLeVNKcRYc,j-pop,誓い,Do As Infinity,0.456,0.817
52q2dK6m40y0bsv370jkDD,j-pop,MILLION WAYZ,May J.,0.491,0.78
49Hnd6z4YFqE09owHE5Qri,j-pop,OVER,AAA,0.742,0.837
102Dx2y82lvjXUVSXocypl,j-pop,VOICE OF RED,Various Artists,0.663,0.97
0NGRhn8yItYShgVHUlpYgq,j-pop,お願い!セニョリータ,ORANGE RANGE,0.591,0.888
4TzvcXGwwxgZmpD8U45bhw,j-rock,借金大王,Ulfuls,0.816,0.98
6ZQPxeUD92yjwWYCemNmZj,j-rock,STAND BY ME,Base Ball Bear,0.528,0.942
0I0m3fZwm2rcPMbEpObY6N,j-rock,ミッドナイト・クラクション・ベイビー,Thee Michelle Gun Elephant,0.677,0.989
4wn2cQXBLr1oW7vl0QfgDO,j-rock,クラシック,JUDY AND MARY,0.619,0.894
5ksycOLeK5blOEvluOvl7v,j-rock,は?,Creep Hyp,0.61,0.932
6dzIdHdWMzsE2Sy4FMuCru,j-rock,majority blues,Chatmonchy,0.396,0.728
3GzNszZMsW2YfQLqiD3mxC,j-rock,ループ&ループ (2016),ASIAN KUNG-FU GENERATION,0.683,0.807
0S48YLH0QrOBbxRbbA8KuA,j-rock,From Noon Till Dawn,Straightener,0.29,0.972
4FJ4DgjlMQ6bAgoDvftdmK,j-rock,Joy to the world!,Tensai Band,0.746,0.775
7cmzaTJzpeGjqr4TwqjCzG,j-rock,Taxi Driver,Gotch,0.83,0.6
16nJl8NnriCJxraco5Zssm,jazz,Better Git It in Your Soul,Charles Mingus,0.76,0.548
1wl5b2lw3YagQtZiYZbQWP,jazz,'Round Midnight,Thelonious Monk,0.206,0.32
33epO6drRAdk6jWlwBkqC2,jazz,Goodbye,Benny Goodman,0.142,0.189
1qzOAxBlcEmqfT5WnayGO5,jazz,Waiting,Patrick Naylor,0.101,0.167
1xicvSO4CJ2ymqYgpk7DFh,jazz,"Milestones (feat. John Coltrane, Cannonball Adderley, Red Garland, Paul Chambers & Philly Joe Jones)",Miles Davis,0.7,0.546
7ij7UtqIKu2dP1qq5738rV,jazz,Algo Bueno,Roy Eldridge,0.669,0.23
58r6xU8haUwkpbTiDyMqXI,jazz,Nice Ending Folks!,Peter Kowald,0.36,0.179
1EUppC8KjHBgyLKb06OlA1,jazz,Short Cut,John Basile-John Abercrombie,0.318,0.126
09tpUc2aKL43haVl13dwGv,jazz,Barnyard Scuffle Shuffle,Art Ensemble Of Chicago,0.313,0.801
7jlmo5JvOnnTcUIEn4HoRw,jazz,One and One,Miles Davis,0.773,0.781
5TEpJqAXwfCWBx7vw8mxg1,k-pop,Love Me,Yiruma,0.246,0.282
2DdPxU0jLX14u1TCWHPxLy,k-pop,The Boys *Bring Dem Boys*,Girls' Generation,0.603,0.709
2puRcNvTw1uOfzxt00HpMV,k-pop,Ain't No Fun (재미없어),BIGBANG,0.701,0.563
3s73EEL17rTB6Y0mYlhrIl,k-pop,달그림자 (Inst.),김태성,0.133,0.2
78MFVTomN6HjPBbw6WSDjQ,k-pop,기다린다,Jo Hyun Ah,0.391,0.329
1AYGMCrljq4mOt1LRppw8q,k-pop,가슴아 심장아 (inst.),BoM,0.384,0.709
3ev8mLuNKLLtCmrOLVcexO,k-pop,via dolorosa (고난의 길),JOYjin(조이진),0.284,0.221
1t1pTgdPrhJGMwt5gZqFel,k-pop,The Boys *Bring Dem Boys*,Girls' Generation,0.599,0.695
3z33a2AvtL5lBX5bcgQhay,k-pop,Tonight,BIGBANG,0.307,0.903
5GVJzw8inFp96VBK40QnFc,k-pop,널 그리다 (The Things I Really),Yiruma,0.221,0.0797
5xYCSdkSh2cwwVwwM2XXNN,kids,Let's Shake,Dan Zanes,0.927,0.617
3dn3F9QgTguFzBhaLSmITp,kids,Green Food,Miss Amy,0.714,0.424
7cG871nZnqd1gFRzYEBijn,kids,Arty Hearty,Baby Genius,0.628,0.829
6T8cDr9P6anYtaORts1Wd1,kids,So Long Song,Blues Clues,0.517,0.886
7yQq0sQokJAV2qqc44J9Eu,kids,Dirt Made My Lunch,Banana Slug String Band with Michael Levy,0.68,0.198
0jbGjqfzyN4IOPPQHa0X3H,kids,Bubbles,Parachute Express,0.644,0.251
5ySMPyFC8TOeOTtFlCqLjD,kids,"In the Jungle (Da, Da Bear)",Rankin Don aka Father Goose,0.797,0.594
5nu6DuYXU9oR5XCufB4vMH,kids,Here Comes the Sun,Caspar Babypants,0.741,0.472
27kV88aIyoUNFl2Zr8xiVJ,kids,Verb - SHR Edit,Missinglink,0.649,0.542
5dl8WFCxndWZlsDXuzT00p,kids,"The Best Day Ever (with Sandy, Mr. Krabs, Plankton & Patrick)",Spongebob Squarepants,0.591,0.711
7010oiDHpfwrZoYNxqgfoI,latin,Por El Amor De Una Mujer,Julio Iglesias,0.336,0.239
3EcWmEvbxNO9Ja6qqutmrM,latin,Tu Diseño,Larry Hernández,0.752,0.577
3umS4y3uQDkqekNjVpiRUs,latin,El Amante,Nicky Jam,0.732,0.691
2RXzzOxmBlffT81fjwBSVh,latin,Pineapple,KAROL G,0.679,0.667
7etlF1zMxJbiaeQrXYh0PY,latin,Devuélveme El Corazón,Sebastian Yatra,0.312,0.78
1Cxd4ZJJ9VOQQpNcpdcZEQ,latin,Cuando Nadie Ve,Morat,0.837,0.788
7COfe3P7KgfwDwIRB8LIDw,latin,Mi Gente,J Balvin,0.288,0.704
4u5xLMRN0dgKBFFN8FiNgv,latin,Niña Bonita,Chino & Nacho,0.716,0.91
5VUR4MhJWAbp2ZHtSDvwJ7,latin,Se Me Perdio La Cadenita,Various Artists,0.715,0.682
2WoqgtWEBbbBKMDN6Becs7,latin,Corazon Espinado (feat. Mana),Santana,0.962,0.789
22YrEL6IbDx4axzr8Wpw9M,latino,La Vida Es Un Carnaval,Various Artists,0.827,0.751
42kQdD5kbJgQdjoLVaks6p,latino,Adiós,Ricky Martin,0.857,0.894
7Ir2UZHy0xVoWuBCHmLitM,latino,Suga Suga,Baby Bash,0.512,0.741
24Gxm7Eh7tO83E26LG0CsY,latino,Hero,Enrique Iglesias,0.146,0.651
3QFbOgWOqXEtOD02FMcX7K,latino,"Give Me Everything (feat. Ne-Yo, Afrojack & Nayer)",Pitbull,0.485,0.934
3QzIAhnLyISSaenzDYJzCQ,latino,Sin documentos,Various Artists,0.839,0.972
4OyzSXRSadNQt5EMwASdap,latino,Todo Cambió,Camila,0.363,0.523
7oQE9joUo0iboIrs5o1Hw4,latino,Devuelveme A Mi Chica,Hombres G,0.42,0.948
6WuufZDBNoEJBTinRiznhO,latino,La Nueva Y La Ex,Daddy Yankee,0.637,0.943
6ym5mysjGMujM1evgCOBcE,latino,Tranquila,J Balvin,0.691,0.677
4tlJ53o1da4QpjiDZcTpyp,malay,Menemukanmu,Seventeen,0.32,0.582
2m9QjTQVFhpNLkk8ZpgJY5,malay,Sampaikan Salam Cintaku - Album Version (Edited),Alleycats,0.667,0.803
3bJsgWfMYaLOy4AhtXxOvx,malay,Aku Yang Tersakiti,Various Artists,0.375,0.603
2GvrUYS1o7BqZHyqFpprus,malay,Beribu Sesalan - Acoustic Version,Jaclyn Victor,0.278,0.357
6QSbuvh1RrrplfhpMviJ1P,malay,Nasib Diriku - Remastered,Jamal Abdillah,0.6,0.551
0BUTQPj4ChPjdgfuWLwNi7,malay,Kau Ilhamku - 2011,Man Bai,0.434,0.336
1SUN0EYHd3DjMtQXfDWTZq,malay,Menghapus Jejakmu,Peterpan,0.948,0.608
4Fg3YkddCnXT2HluIoWaCp,malay,Redha,In-Team,0.136,0.325
1c8CQopCesN9jMm54Io9LW,malay,Kosong,Najwa Latif,0.599,0.728
79wX5dDh32eUMZUsV5ferK,malay,Raya Yang Sempurna,Various Artists,0.642,0.73
0sx8DfYkU5VTc2t40vYh3K,mandopop,讓我愛你,Vic Chou,0.231,0.393
1juH8I4gvo6sYTbukFMg2l,mandopop,雨後天空,Cindy Yen,0.505,0.74
3DqjGgKxC5yV3fSYgEE9KW,mandopop,心升明月,Li Jian,0.0951,0.351
5V1UAAiIBgbTMeFAW4bYD0,mandopop,其實你不懂我的心,童安格,0.113,0.194
6joRTEB8Ht74ZvdzDeKQMT,mandopop,我很好 (I'm Well),Rene Liu,0.334,0.407
275ZajrOsRYz2ISLKY9bKi,mandopop,鴿子,Aska Yang,0.642,0.492
30QjAKDjn3auoVFiYzzhlV,mandopop,我要快樂,A-Mei Chang,0.122,0.512
2iRv1tIh7eIqjGOOgpksUY,mandopop,在每個想你的夜裏,Li Jian,0.262,0.235
74t9crIc6do5q1lq5nf06i,mandopop,失業情歌,Tiger Hu,0.356,0.459
1HIKDi9BWlagnCcvZnMyxP,mandopop,加大力度,Joey Yung,0.45,0.966
0hgCitquBvVVW8K4fLk56L,metal,Proving Grounds,Attila,0.321,0.961
7maIZJnwsPBUWT9yJYyPoe,metal,Through Oblivion,In Flames,0.601,0.653
2f0P7iELCvAlV8j6Z3rGDE,metal,Stranglehold,Ted Nugent,0.49,0.711
01Mpj13vURSO3cCLprPt5T,metal,Raining Blood,Slayer,0.0379,0.995
6DPZmWcljW3XCfMNlnqy9r,metal,Heaven and Hell,Various Artists,0.318,0.529
7txxAtOMwLLnQTpKeBL6bp,metal,Mother,Danzig,0.342,0.763
4NyLHJAMsAPkP4RrZGFkoz,metal,Heroes And Tombs,At The Gates,0.2,0.963
5RHG4SQ6iJ1qQJmt3EFJCX,metal,We're Not Gonna Take It,Twisted Sister,0.922,0.924
1wnq9TwifJ9ipLUFsm8vKx,metal,Lola Montez,Volbeat,0.677,0.875
6NwbeybX6TDtXlpXvnUOZC,metal-misc,Master Of Puppets,Metallica,0.593,0.872
4Jp6zaYbDGEhK0eV1byXNF,metal-misc,Let It Go,Betraying The Martyrs,0.386,0.976
3Jx5QwNzHYxIr6wW2XHUbB,metal-misc,Rock You Like A Hurricane,Scorpions,0.807,0.706
2l7cgpgIJ7reophrNBVNNg,metal-misc,Rusted Nail,In Flames,0.231,0.943
4FXv0p8WvZc7eUyDzsi39p,metal-misc,You've Got Another Thing Comin',Judas Priest,0.533,0.814
0EYtFwA4BA0uoozzCGqKjd,metal-misc,Ace of Spades,Motörhead,0.209,0.99
6hs9Tpyt7i7H6rkYFos9Pn,metal-misc,SadioWitch,Electric Wizard,0.158,0.942
1ch9Iqm2hZAVCuFRseeW13,metal-misc,L'enfant sauvage,Various Artists,0.0787,0.995
1hKdDCpiI9mqz1jVHRKG0E,metal-misc,Enter Sandman,Metallica,0.635,0.824
1DDN2rHzfzuKmaN0Qoo4lm,metalcore,Alligator Blood,Bring Me The Horizon,0.0494,0.958
6KbWEY3vOP3P2ibn7aO7e0,metalcore,Children of Cybertron,Emmure,0.154,0.965
6MdAoknD4tWcqYm7J0SQGh,metalcore,It's Dangerous Business Walking Out Your Front Door,Underoath,0.125,0.956
65p1BLj8pYwTpjrIflUIvc,metalcore,Break the Silence,Killswitch Engage,0.317,0.952
3l19T7r07lq72Sn8W3hNRK,metalcore,Outnumbered,The Devil Wears Prada,0.031,0.997
15zUfY9L1p7bN9JsgaTAP0,metalcore,Strife,Trivium,0.309,0.987
4geHi4niVBx4lQ4Nku1Q3t,metalcore,Afterlife,Avenged Sevenfold,0.391,0.95
47gY5FW1lvCgJxELoPLzQW,metalcore,Count Choculitis,Motionless In White,0.169,0.857
5bRH9GFQtDYAFgvAh63T6v,metalcore,When The Sun Sleeps,Underoath,0.169,0.993
0Umo799GssRNl23ryqZVHH,metalcore,Say What You Will,For The Fallen Dreams,0.212,0.993
1LAKYl2R6V0rtO6i1X0ma1,minimal-techno,Kathmandu,Various Artists,0.543,0.441
7JN3XR7ZO5h2W42UBK561I,minimal-techno,Anubis,Various Artists,0.75,0.562
0GlgJAMcEXPz2LrGwXLQsK,minimal-techno,I Am A Maschine - Slok Rework,Boris Brejcha,0.361,0.81
077v6G5d3V9d3rYuuAoePN,minimal-techno,Envision - Dixon Version,Osunlade,0.712,0.498
5y5Af0PDCsaHBJ0ASUzOTl,minimal-techno,Loreley - Original Mix,Various Artists,0.0312,0.467
7y2rhs2pBaD3Gb9LguB6S8,minimal-techno,Kaleido,Marek Hemmann,0.634,0.82
072KkQE54Jgs6prwb7EJJr,minimal-techno,I Dont Need A Cure,DJ Slowhands,0.0735,0.761
0y0LNqWSA4Pv2KawzSi4MW,minimal-techno,The Man With The Red Face - Video Edit,Laurent Garnier,0.441,0.731
6vgqr9xnAHu45Oq0k2wYra,minimal-techno,All That Jazz - Popof Remix 01,Various Artists,0.146,0.781
1MStD9BL45z43DfhBVU1dr,minimal-techno,Smash (Live Version Remastered),Gabriel Ananda,0.167,0.9
5TYJZb6p9DpSgomBHjeA3Q,movies,"Marshmallow Attack! - From ""Frozen""/Score",Various Artists,0.139,0.261
4T9Jpft8jvZAP57aE3VdCt,movies,"Down in New Orleans - From ""The Princess and the Frog""/Soundtrack Version",Various Artists,0.705,0.676
7qxxr5CLf8rnIibe4eStzR,movies,Cold,Various Artists,0.0801,0.129
2GAIycsMaDVtMtdvxzR2xI,movies,Bohemian Rhapsody - Remastered 2011,Queen,0.228,0.402
7eth0jUe6YneLljRNBeplO,movies,Coconut,Harry Nilsson,0.89,0.56
2rBUT42i2t1wsfCmkn1TYA,movies,Now We Are Free - Maximus Mix,The Lyndhurst Orchestra,0.357,0.792
3WQLOsbNYUF0ZxLctoDlu9,movies,Mutiny,Hans Zimmer,0.202,0.649
29bQPrp6BT0w3kaXTqIo8A,movies,"A Spoonful of Sugar - From ""Mary Poppins"" / Soundtrack Version",Various Artists,0.642,0.39
45pKftYJKDnAuNYgGHcddL,movies,Main Title - Young Peter,James Horner,0.0381,0.141
0wwmEjvI1YYCAhYV5Z8dxC,movies,"Main Theme (From ""Back to the Future"")",Various Artists,0.0833,0.462
3TAMiM8XFmU9vFd333pgRh,mpb,Mistério do Planeta,Novos Baianos,0.683,0.495
0jYvzi4GLIRP2Fo5fJfAPp,mpb,Você Disse Não Lembrar,Adriana Calcanhotto,0.785,0.563
0L56Vgj2fNpiFDZfzPiTbA,mpb,Meu Ex-Amor,Amado Batista,0.906,0.611
6i3cNxZxqMmhkIx8hz3neh,mpb,Frevinho,Thais Gulin,0.821,0.649
4ftK9fOeqzHxjTWmvQ1QsD,mpb,Escorpião,Isabella Taviani,0.844,0.56
6svLbrgArGrmY2YIb0WmUY,mpb,Tinindo Trincando,Novos Baianos,0.811,0.921
4S6IGMcJoES3ENCissevR3,mpb,Quem Me Dera,Maria Gadú,0.482,0.44
00GhZIN3Axsqo9a2YFeUFv,mpb,"Johnny, Jack & Jameson",Filipe Catto,0.533,0.434
2t7cvARxYOCO5V14VB8g00,mpb,Skin Deep,TIAGO IORC,0.312,0.549
0K9HUSmM6bE8v3liLcIHOv,mpb,Longe É um Lugar,Móveis Coloniais de Acaju,0.906,0.881
2mltGlkef4VA1NZ8t39XQJ,new-age,Someone Said Goodbye,Enya,0.201,0.257
6ruwZkVRHRWQvo2DYpRj1a,new-age,Regõ Rejtem,The Moon & The Nightspirit,0.0707,0.65
6cAglVR27Jy5asrhDVrCio,new-age,Fields Of Fortune,Rolf Løvland,0.071,0.348
0sm9kozQccp9MGZAsP1bOe,new-age,Shadow Of The Moon,Blackmore's Night,0.537,0.711
3DTBV95Asn4QvFAId13M0t,new-age,T.N.T. For The Brain - Radio Edit,Enigma,0.737,0.76
3R9Ig9cFL3AX5FXpPWJUgU,new-age,Adiemus,Karl Jenkins,0.161,0.405
4WgjyYW29xjrcKFY4XsZRh,new-age,Fairytale,Enya,0.118,0.154
2vE5DRjzSIXSWdvgE6soJV,new-age,Taiko - Instrumental,Benoit Jutras,0.449,0.888
5vOxK0wKBl3a0ntAzvxZkW,new-age,Iman,Buddha-Bar,0.0298,0.167
0ANWZUJ6RxOMibf3xFsYl5,new-age,Unopened Flower,2002,0.0523,0.285
6dMEkiUUCt09BeeSVgIkao,new-release,I Care,Frances,0.298,0.618
62WXjNnIqmHfcTIg6A2joZ,new-release,Instinct,RITUAL,0.236,0.494
6TaqooOXAEcijL6G1AWS2K,new-release,All My Friends (feat. Tinashe & Chance the Rapper),Snakehips,0.181,0.521
5BtwZ441YUmUFzNDItE5nI,new-release,Solid (feat. Babyface),Ty Dolla $ign,0.691,0.433
5DNiREaQ1nrgi7Ckf8kuMP,new-release,Infinite High,Panama Wedding,0.875,0.882
27eKJ4RlK36novSUJQXlVH,new-release,I Was Me,Imagine Dragons,0.147,0.449
38510fWvtOkrFjg2EDkJtT,new-release,Toothbrush,DNCE,0.812,0.777
6HtYcBQNHDfMBh50NZnjBp,new-release,Bad Idea,Sara Bareilles,0.787,0.889
7kD0Y5jtaX8zIsYHyxRNKW,new-release,Lost And Found,Ellie Goulding,0.636,0.827
2Pv7zg9cBPZvZuOrusG4bw,new-release,Emperor's New Clothes,Panic! At The Disco,0.651,0.904
28CGft8cdpPptSPbcbtC0K,opera,Rinaldo- Lascia Ch'io Pianga,Montserrat Caballé,0.0879,0.0438
4TgJYX96FiDCP6HWCBlTri,opera,"La Bohème, ACT4: Dorme?- Riposa- Ho veduto il dottore",Giacomo Puccini,0.0365,0.0196
0WlxACepf70xG6WmhgaD2o,opera,The Magic Of Love - Live,Luciano Pavarotti,0.188,0.284
47bSDPT907WVJWsSVGYFLT,opera,"Lakmé / Act 1: ""Viens, Mallika, ... Dôme épais"" (Flower Duet)",Luciano Pavarotti,0.06,0.0838
0zMJDxB8JPDzZRYKlTpH2h,opera,"Carmen (1997 - Remaster), Act II: Messieurs, Pastia me dit",Georges Bizet,0.21,0.0786
7b5XM6HHl5hrYCcjRNCJ7l,opera,"Charpentier: Louise, Act 3: ""Depuis le jour où je me suis donnée"" (Louise)",Maria Callas,0.0385,0.128
0MtkE19tDWclGG3kRPK35A,opera,New York New York,Original Film Cast,0.77,0.673
1aH4OKg9RZ5A62PLrNvhcu,opera,'O mare e tu,Andrea Bocelli,0.227,0.415
3DqCcBzagq4NyQFUqWObb5,opera,Norma (1987 - Remaster): Casta diva,Maria Callas,0.0612,0.113
6DTeApjt3W3YY1nymfEhx4,opera,Recondita Armonia,The Three Tenors,0.182,0.316
1qsIWOf7jcmr1iz6r26PkF,pagode,Amor De Verdade,Karametade,0.772,0.742
3AfuBG0lVFmp7IZfddWlVm,pagode,Vira Casaca - Ao Vivo,Samprazer,0.716,0.882
5K0OrDk6Ep5IXwhbXLFaGQ,pagode,A Vida Me Deu Você,Alexandre Pires,0.541,0.574
2VgYdIT98OY7j8XL5WYbxO,pagode,Amor Com Certeza,Arlindo Cruz,0.682,0.466
7t9oXKPefnXJ7tGdZVDLqp,pagode,Go Back,Só Pra Contrariar,0.924,0.601
0HgiPF8K8ER71jHjdRNpNR,pagode,Menina Linda,Belo,0.873,0.722
535G2QU1H85pyL1dVCkxud,pagode,Futuro Prometido,Sorriso Maroto,0.421,0.559
1zqhBTy8ou9XTfypmZdnBV,pagode,Bateu Levou - Ao Vivo,Pixote,0.537,0.816
3CY0WXRyNWkS3xfZuF4q1I,pagode,A Casa Caiu - Ao Vivo,Bom Gosto,0.945,0.871
4P1rd7yhcQN8CnlrU1WLWx,pagode,Mãe Iemanjá,Almir Guineto,0.799,0.625
4rc9kQ6qyssElIccFJgbJb,party,My Name Is,Eminem,0.809,0.678
4dGJf1SER1T6ooX46vwzRB,party,Chicken Fried,Zac Brown Band,0.807,0.713
1gihuPhrLraKYrJMAEONyc,party,Feel So Close - Radio Edit,Calvin Harris,0.919,0.924
7dZAPeA3Of5j5Vaef0DQ6M,party,Make Her Say,Kid Cudi,0.456,0.712
7DTlsMOQjGysXHpwwpHuPl,party,Lifestyle,Rich Gang,0.471,0.667
1hWYT0w2R0J19rlVkiez7X,party,Battle Scars (with Guy Sebastian),Lupe Fiasco,0.494,0.811
2HbKqm4o0w5wEeEFXm2sD4,party,Money Trees,Kendrick Lamar,0.344,0.531
1LomM3L6atrf79ZL7nHDp4,party,Shake Senora (feat. T-Pain & Sean Paul),Pitbull,0.543,0.944
68PHBS4CsrBK8QnRmeGqup,party,Let Me Love You (Until You Learn To Love Yourself),Ne-Yo,0.299,0.683
7lLW6S5Qt1XRhwpzLvB9pl,philippines-opm,Bakit Nga Ba Hindi,Bituin Escalante,0.237,0.412
3XeeAxgAc57OF1qFScuxsh,philippines-opm,Very Special Love,Sarah Geronimo,0.334,0.631
2ohwwHQ6sgPLLCJh9NJUqM,philippines-opm,Makita Kang Muli,Jericho Rosales,0.397,0.594
6aDYL0klsShJ1NDScruk2G,philippines-opm,Stars,Callalily,0.436,0.555
1FIZ79YZoqtuKsxF5NJw7C,philippines-opm,Wag Mo Akong Iwan Mag Isa,Angeline Quinto,0.344,0.229
68pMUh41KqSr5NnyM0Ls7R,philippines-opm,It Might Be You - original,Erik Santos,0.276,0.214
1bVYXk0H1PKEr6JcjOjZO0,philippines-opm,Bayan Ko,Freddie Aguilar,0.28,0.276
1alx9yZWvtjn6TFLf7kWJB,philippines-opm,It Might Be You,Various Artists,0.127,0.159
1agsqq7ima64jqXTdNHbmG,philippines-opm,And I Love Her,Various Artists,0.586,0.431
1Cf8pnatmTRU3xIxukkLxL,philippines-opm,Kahit Na,Lani Misalucha,0.233,0.517
6WpMLSMVTZSkPoEgT9BP4F,piano,Lady Labyrinth,Ludovico Einaudi,0.456,0.57
0j8k7qXkBti6dNaHO6eTYa,piano,A Poor Wayfaring Man of Grief,Paul Cardall,0.154,0.09
3tVURloUbySZJdxd6eFXuT,piano,Spring Rain,Yiruma,0.131,0.148
1CmqU1YzqHshIiYay8qRU5,piano,Big Shot,Billy Joel,0.683,0.902
4I8cISLT4JPvkTZY1h9Gs1,piano,Struggle for Pleasure (Stourley Kracklite) - Version 2007,Wim Mertens,0.211,0.739
0SzQPlvFpLLb2PwMbWTAVD,piano,The Snow Prelude N. 15,Ludovico Einaudi,0.289,0.0382
5aSZVGh8YjpUqIwmntQz1W,piano,First Run,Jon Schmidt,0.324,0.243
1brH9m4Q2LHTuwxaKoMTn5,piano,Plus Que Ma Prope Vie,Various Artists,0.036,0.136
1HNfaEGw9IrceOHraU0ebm,piano,Pachelbel - Canon in D,Exam Study Classical Music Orchestra,0.379,0.174
3nvv5IcoBlusWrwDipeILM,piano,Candle In the Wind,Richard Clayderman,0.264,0.412
1qE47wUKG2juJwPoLqg4C9,pop,Lean On (feat. MØ & DJ Snake),Major Lazer,0.274,0.809
1A6OTy97kk0mMdm78rHsm8,pop,Sunflower - Spider-Man: Into the Spider-Verse,Post Malone,0.927,0.498
1trZGMI2CGyVT44STkpCoN,pop,Let Me Explain,Bryson Tiller,0.525,0.504
2jyjhRf6DVbMPU5zxagN2h,pop,Let Her Go,Passenger,0.244,0.538
66hayvUbTotekKU3H4ta1f,pop,Where Are Ü Now (with Justin Bieber),Jack Ü,0.197,0.781
7dZ1Odmx9jWIweQSatnRqo,pop,Million Reasons,Lady Gaga,0.154,0.423
0NTMtAO2BV4tnGvw9EgBVq,pop,Bitch Better Have My Money,Rihanna,0.395,0.728
0fgZUSa7D7aVvv3GfO0A1n,pop,Post to Be (feat. Chris Brown & Jhene Aiko),Omarion,0.701,0.676
1rFMYAZxBoAKSzXI54brMu,pop,You Don't Know Me,Jax Jones,0.693,0.658
3W3KtDwAIg3mAruSpnfG3Q,pop,Fancy,Iggy Azalea,0.377,0.716
6S9lcjREUTU4Yv5y7oMcv2,pop-film,Woo Hoo,Various Artists,0.961,0.811
6416GUjzvIrUAkgwTxkOPY,pop-film,Total Eclipse of the Heart (Re-Recorded) [Remastered],Various Artists,0.3,0.597
3Oa8vnNXStoOHLbJwwMEDP,pop-film,Lips Like Sugar,Echo & the Bunnymen,0.863,0.934
76U5Ivrp3qBPknIOx7kOOm,pop-film,Goin' Out West,Tom Waits,0.586,0.54
0FXsG6FLVIgOZfoymG91HD,pop-film,Born Slippy (Nuxx),Underworld,0.331,0.954
4a6g0TflsP1mMeRT3zeutu,pop-film,In Your Eyes - 2002 Remastered Version,Peter Gabriel,0.638,0.643
6HA97v4wEGQ5TUClRM0XLc,pop-film,99 Luftballons,Nena,0.587,0.438
15MJ5NThPjj6xhPcts8MiY,pop-film,"Take My Breath Away - Love Theme from ""Top Gun""",Various Artists,0.547,0.719
5nAXp1Vypbcsk9RLJCJLvO,pop-film,Ring of Fire,Johnny Cash,0.76,0.519
6TOWLFJgAdn57nqJg4YiS5,pop-film,Damn It Feels Good To Be A Gangsta,Geto Boys,0.655,0.793
1vcShpQ9U6anLSYfH2X2kp,post-dubstep,Etched Headplate,Burial,0.151,0.51
40NWArENj6tKqaFlpc6SVQ,post-dubstep,City Star,Rustie,0.119,0.65
1kaRM71v90abGzlrBEj2rG,post-dubstep,"Kalimba Deathswamp, Kurt Feelings",Dimlite,0.489,0.721
4w6r9t4f6KzE1UNtCVulxx,post-dubstep,Synaesthetic,Desolate,0.28,0.473
07uCMMk6oD7K635jz9UIec,post-dubstep,The Things They Left Behind,Kryptic Minds,0.423,0.459
4wxnL23zxScB75FYw6NH74,post-dubstep,Joplin,Loops Haunt,0.139,0.657
5Otnbz9WPBCsJMEvvNlDFP,post-dubstep,♥,Baths,0.314,0.62
6erIiexk3JR6DwvJEC8cDO,post-dubstep,The Crutch,Gil Scott-Heron,0.151,0.809
0RIk6TLHAptf3tvBHD4j0f,post-dubstep,Defender Rhythm,Two Fingers,0.327,0.784
3ZS4oVvDdQ1AlJmtJZPBwq,post-dubstep,Dog Shelter,Burial,0.134,0.41
6ceUN0Zvk4LCYcAmcn6vvF,power-pop,Favorite Shirt,The Figgs,0.874,0.91
5XXpZ7TZjkQLEr36ba4HEY,power-pop,Void,Superchunk,0.208,0.912
1HI4vMcE5Tvu58UnLcrd5R,power-pop,Pulling Mussels (From The Shell),Squeeze,0.934,0.67
4LedTdrnqY5y2h91ITtTxI,power-pop,Go Faster,Tommy Hoehn & The Scruffs,0.763,0.935
5F5jGF87KVBXggeSFfZJnU,power-pop,Baby I...,Fotomaker,0.665,0.806
1WPDswuz2h5iKNpmdm4OUz,power-pop,Shapes,The Long Winters,0.524,0.903
6WOsM5Y6HKsX3BjKk4Smsl,power-pop,Baby It's Cold Outside,Pez Band,0.427,0.91
09iS7q6Q5PXufKNtAr6MJf,power-pop,Balloon Man,Robyn Hitchcock & The Egyptians,0.961,0.815
7FmBhtemJEd7hnWtqtufqt,power-pop,The Soul Of A Child,Jules Shear,0.411,0.573
6a46kjWWdkVlBxoKVQulCr,power-pop,The King Is Half-Undressed,Jellyfish,0.339,0.88
5iTtnlcbxvZfldayHNPB9s,progressive-house,Ninety - Original Mix,Sander van Doorn,0.167,0.895
20z8eajtRNnsRueGEzQyLi,progressive-house,Some Chords,deadmau5,0.42,0.427
79lBCLDakLiYNB98amZKRb,progressive-house,Schnee,Various Artists,0.651,0.595
3FoF6iP3xiRRYUv4IPGO5m,progressive-house,Revolution - Instrumental Mix,R3HAB,0.0398,0.925
0kNIavMjPKHizS5QJ2Ks9P,progressive-house,Zombies in Love,Manufactured Superstars,0.319,0.864
3yitiXJG14YtXXPFVoNvb1,progressive-house,I Remember,deadmau5,0.59,0.679
1R6SFQVLcAe3Og6NA83fGR,progressive-house,Invincible - Original Mix,Borgeous,0.289,0.784
7kffEbdYHE5FMEEcs5uYbb,progressive-house,Jumangee - Original Mix,Wayne & Woods,0.158,0.839
298gs9ATwr2rD9tGYJKlQR,progressive-house,Dance Our Tears Away (feat. Kristin Amparo) - Radio Edit,John De Sohn,0.342,0.873
2rHFHEsthyezfUxu6hbcVp,psych-rock,Do You Feel It,Holy Wave,0.705,0.449
33ayfLVzWREbtSu20SF47a,psych-rock,No Need for Eyes,The Growlers,0.584,0.718
4AlZ0FgehhgtLHddKx0Ou7,psych-rock,Cali in a Cup,Woods,0.582,0.756
7Cjs3pnjfTGmO3nqAr1SDe,psych-rock,Depot,Psychic Ills,0.385,0.558
36JSUTHxbCG872vN0NRWOp,psych-rock,Twisted Mirror,Pure X,0.342,0.43
2gCf9PqIvpKbxwfJMBWwbn,psych-rock,Brain Damage - 2011 Remastered Version,Pink Floyd,0.207,0.265
1Cl1J4Ai7NkuhLdaDHthTh,psych-rock,Pretty in Pink,The Psychedelic Furs,0.697,0.885
0NQBGEIkcDVFHkmZTEvKYC,psych-rock,Oh Yeah,Foxygen,0.89,0.702
2OX6OzqDZ1RQxijRKVuxsv,psych-rock,Confusion,Silver Apples,0.866,0.887
4PREkXFb8YawThmhZICrXR,psych-rock,Riders on the Storm - New Stereo Mix,The Doors,0.595,0.543
5johpJIVjqU2Ki03DOA7Jr,punk,About a Girl,The Academy Is...,0.296,0.933
3fkFF2dwF39Jr7mwnkhIie,punk,Exploding Head Syndrome,One Hidden Frame,0.397,0.997
2YL1QdU29cFAHrijICeiWA,punk,New York City,Madball,0.19,0.978
290Nebw3BG2toIgk1pMi3p,punk,Show You No Mercy,Cro-Mags,0.305,0.947
3iwsyTZzOWHZbHffBEyi1N,punk,Right Now,SR-71,0.731,0.967
3Jc1Sbezdt4b5aZFlJ4euR,punk,Womanarchist,"Bad Cop, Bad Cop",0.496,0.944
3fPSHjVO4iwwGEhHvTwlNb,punk,Try Honesty,Billy Talent,0.327,0.984
3kMV2txor1yrRnbbAO5jdF,punk,When My Baby Smiles At Me I Go To Rehab,Frenzal Rhomb,0.793,0.99
5HDE2Kr0YalAs8JiK0jTQZ,punk,Let's Not Keep In Touch,Retox,0.271,0.982
1Wc4oMYsjCqMSDQST8oXEr,punk,Put The Knife Away,Goldfinger,0.67,0.916
6PzzdlBGPw2y09UePkx2Pw,punk-rock,M+M's,blink-182,0.654,0.921
2ccdGN0u41iaveyQeae9Iy,punk-rock,Sorrow,Bad Religion,0.861,0.924
5EC1LGwsPHVXBcjlf3cHct,punk-rock,Bikeage,Descendents,0.739,0.875
3wiMXQuoTJKGl4zDE3i9vi,punk-rock,88,Sum 41,0.113,0.836
65mxB9IWpmVo4qUjdGSxRB,punk-rock,Girls & Boys,Good Charlotte,0.608,0.72
5jzma6gCzYtKB1DbEwFZKH,punk-rock,London Calling - Remastered,The Clash,0.776,0.801
4304kbwhzhb8A3n6wl27Kg,punk-rock,Of All The Gin Joints In All The World,Fall Out Boy,0.709,0.93
11JveNq3GfTOMwTglV1MPK,punk-rock,Guts,All Time Low,0.491,0.975
4CbKVDZkYKdv69I4bCaKUq,punk-rock,Hero,Skillet,0.782,0.967
5yiDa58ip3AQElab1rLUGu,punk-rock,T.V.,blink-182,0.8,0.903
2aR6SYRJxy2QsBxA459ATF,r-n-b,F.U.B.U. (feat. The-Dream & BJ The Chicago Kid),Solange,0.454,0.499
1jCsCYgzQQHk3bDJDuFbNi,r-n-b,If I Ever Fall In Love,Shai,0.42,0.205
0kN8xEmgMW9mh7UmDYHlJP,r-n-b,Versace on the Floor,Bruno Mars,0.301,0.574
10C1ZwdAwSEmMeYAFvuTtv,r-n-b,Can't Believe (feat. Ty Dolla $ign & WizKid),Kranium,0.611,0.764
7861kBrZ5aw7o4NfggcyYW,r-n-b,It's Not Right But It's Okay,Whitney Houston,0.531,0.802
0gzWR9phnUAY5Mcu86niLY,r-n-b,Easy,Demetria McKinney,0.157,0.489
0W4NhJhcqKCqEP2GIpDCDq,r-n-b,Love,Keyshia Cole,0.318,0.519
2OiO85hOK8ZL6kekbs7a4R,r-n-b,I'm Him,Sammie,0.234,0.588
4V2F0DZrAXOWq9hkwMMG3x,r-n-b,Lost Without U,Robin Thicke,0.816,0.351
7L87B1YWTT11I0mSAEYEOF,r-n-b,Song Goes Off,Trey Songz,0.121,0.462
0MhCb3iakymVqQIOeYPSUf,rainy-day,Soldier,Gavin DeGraw,0.49,0.74
1w2eruYH50BnPSIJ8yM8tQ,rainy-day,U Got the Look,Prince,0.765,0.591
5g7rJvWYVrloJZwKiShqlS,rainy-day,Dirty Paws,Of Monsters and Men,0.133,0.649
5txZAE3yuzpwfwuIa1AwJc,rainy-day,How To Love,Lil Wayne,0.273,0.637
2Guz1b911CbpG8L92cnglI,rainy-day,Your Guardian Angel,The Red Jumpsuit Apparatus,0.382,0.48
4I1BlAeZK4UBSCKoaz8vQS,rainy-day,If I Had a Boat,James Vincent McMorrow,0.179,0.295
0GNI8K3VATWBABQFAzBAYe,rainy-day,Stay,Rihanna,0.125,0.31
0VZ9xPNa6ROafP6GYYuv2S,rainy-day,Marry Me,Train,0.492,0.269
35aNHKBZWXXbL9KQK7O5Nk,rainy-day,Hurricane,MS MR,0.262,0.68
6qlfzOpeLcdoSxrgbkR0Zi,rainy-day,Stars,The xx,0.176,0.2
6ZkDSMyZBVyGb62rBj04Ll,reggae,My Sound,Skarra Mucci,0.773,0.839
4KPadp2uJZ9J2mYM3A04Un,reggae,Rudeboy Shufflin,Israel Vibration,0.951,0.504
0EKV1DjXLl9rpTCns8Kgsc,reggae,Boom Draw,Julian Marley,0.935,0.745
7io0GkQxrgrdhApiLZKDjM,reggae,Give Praise,Various Artists,0.787,0.73
0fLJ474nm6kTFzo96rqVOl,reggae,Lots of Herbs,Junior Kelly,0.734,0.805
5fEdhl7z32TMambRUvGShQ,reggae,August Town,Duane Stephenson,0.832,0.544
2X8MMbrb4ebFITlxjocGU0,reggae,Forward Jah Jah Children - Original,Jacob Miller,0.892,0.451
7eVE5ZeGKSDX6WHT595Sw4,reggae,Puff It,I-Octane,0.585,0.891
2FnRnJBbGC8FmtVZqdl4kg,reggae,Rub-a-Dub Soldier,Ky-Mani Marley,0.562,0.653
5FgdPuK51WBYhuMhV0XIBg,reggae,Natty Rebel - Remaster 1990,U-Roy,0.783,0.395
2J5oXTes6EbZtT2ms06YEJ,reggaeton,Estás to buena (feat. Henry Méndez),Rasel,0.449,0.768
6MB2KAxuDj8Gl6nOl3XLI6,reggaeton,Not To Much,Don Omar,0.245,0.694
6pOnvozQ65H8ausZI7geIi,reggaeton,Temblor,Daddy Yankee,0.816,0.865
6w6A4ExFKzTv5kZGkUCKni,reggaeton,No Pretendo Enamorarte,Tony Dize,0.549,0.803
4Qo0Ijy8lD53X7Ox4gKLNq,reggaeton,Déjate Amar,Yandel,0.353,0.806
709hAukJxapqTU9VhsiQm0,reggaeton,Su Veneno,Aventura,0.931,0.574
1JdyxjcQKEzlDKcf1y7qMn,reggaeton,Parisera (feat. De La Ghetto),Plan B,0.892,0.696
6l7AP89DEoMu3cmSu9cj5e,reggaeton,La Chica De Mi Barrio,Estilo Libre,0.881,0.888
49KmbdsI1k5LkdJwz64orV,reggaeton,Traicionera,Ñengo Flow,0.873,0.731
4UkEnTEStVzuPoRB27sK4J,reggaeton,Metele Sazon,Luny Tunes,0.917,0.414
6E11E0lT5Zy7yb6iT3y8DN,road-trip,Want U Back,Cher Lloyd,0.563,0.891
7C6NcqS3fNDXLgP5L2Kbgp,road-trip,Just Like Heaven,The Cure,0.8,0.969
5lA3pwMkBdd24StM90QrNR,road-trip,P.Y.T. (Pretty Young Thing),Michael Jackson,0.961,0.815
26pSUaOF4qJRQLnLMkmh6v,road-trip,I Drove All Night,Various Artists,0.554,0.757
61lqNlVRnWYiR9C7BDJw2l,road-trip,You Give Love A Bad Name,Bon Jovi,0.823,0.964
1iMq1SKpMAfEDl7yh9g70j,road-trip,Work,Iggy Azalea,0.512,0.814
2oSpQ7QtIKTNFfA08Cy0ku,road-trip,It's The End Of The World As We Know It (And I Feel Fine),R.E.M.,0.797,0.894
4An0hbjs1THl9cQprYrN6G,road-trip,California Dreamin',The Mamas & The Papas,0.654,0.722
1x8AFBt9UEMRY41fSxi7aA,road-trip,Good Life,OneRepublic,0.645,0.69
2nLtzopw4rPReszdYBJU6h,road-trip,Numb,Linkin Park,0.243,0.863
6U82eC2OHyiQM4Wr5Bejar,rock,What's Wrong,PVRIS,0.326,0.945
4A0LV6W7IUKPP2pyAZ356E,rock,Go To War,NOTHING MORE,0.35,0.892
0M955bMOoilikPXwKLYpoi,rock,I Hate Everything About You,Three Days Grace,0.453,0.83
4ClGNWLK9vZMBtO0CpnyOE,rock,Land of Confusion,Disturbed,0.324,0.991
1hUe1XOcM5iXaWG6NRtLzG,rock,Midnight Rider,Allman Brothers Band,0.666,0.542
2qABxQZhfAthNxszLiSsUw,rock,Hell Yeah,Rev Theory,0.368,0.982
5PntSbMHC1ud6Vvl8x56qd,rock,Loser,Beck,0.786,0.611
7L9GgvMlQ3wcSrDoeGWAej,rock,Waking Lions,Pop Evil,0.659,0.971
0BqQWfhMrkpRAUCbdfdHUC,rock,Little Sister,Queens of the Stone Age,0.927,0.959
6cr6UDpkjEaMQ80OjWqEBQ,rock,Sultans of Swing,Dire Straits,0.923,0.868
2nVP9QNyvo0H1FoRkMAT9X,rock-n-roll,Boom Boom,John Lee Hooker,0.865,0.639
07q6QTQXyPRCf7GbLakRPr,rock-n-roll,Everlong,Foo Fighters,0.36,0.867
5zS9mvTXCSPToAYlSHiG4i,rock-n-roll,Juke Box Hero - 2008 Remaster,Foreigner,0.517,0.707
45Ia1U4KtIjAPPU7Wv1Sea,rock-n-roll,Are You Gonna Go My Way,Lenny Kravitz,0.777,0.67
0melIwOKh1JH4RjI1Is10w,rock-n-roll,No One Knows,Queens of the Stone Age,0.67,0.583
78Az0Z1vNJgqv9QSB0ULLV,rock-n-roll,Paint It Black,The Rolling Stones,0.736,0.845
4hy4fb5D1KL50b3sng9cjw,rock-n-roll,Smells Like Teen Spirit,Nirvana,0.826,0.875
4V05j7HDUU2bZQwDOeIySh,rock-n-roll,Last Resort,Papa Roach,0.67,0.892
0TZ84IudnvpC2Ihbunygrj,rockabilly,Luna Tone,Tiger Army,0.65,0.977
3h4XU3qW990d0E7XPT36VL,rockabilly,Sometimes in the Rain,Top Cats,0.703,0.903
0MRi89NMyDre3fYQccb2vf,rockabilly,Why Did You Leave Me Baby?,Rockin' Ryan & The Real Goners,0.794,0.928
5335EDH215PV4P2h63ByaC,rockabilly,Hit'n'run,Horrorpops,0.642,0.882
0GCxQHKNWot8NDw66HXWd5,rockabilly,Dream Lover,Various Artists,0.861,0.441
2hIOu26mzh43ovpEnWdSfQ,rockabilly,Rock n Roll Star,Astrolites,0.675,0.829
1gElMA7YL2UEE9njNW9eiR,rockabilly,I Can't Hardly Stand It,The Cramps,0.545,0.916
35OsUz3edQWVaV3S7hoQFm,rockabilly,Blue Suede Shoes,Eddie Cochran,0.924,0.754
2WnGhs0GepFs2siivXq41C,rockabilly,Razzle Dazzle,Various Artists,0.932,0.778
6mwbr1pmsm7rjbgH1ZGXos,rockabilly,Don't Wait Up,Laura Lee Perkins,0.747,0.682
7jJH8F3PHlNvxfqEAAfFDl,romance,I Choose You,Sara Bareilles,0.947,0.572
6k7b4mcxLP5HPo6hNoXoM6,romance,Shot For Me,Drake,0.177,0.465
7ha7zYOryB0rpnMTa4S75U,romance,Got 2 Luv U (feat. Alexis Jordan),Sean Paul,0.647,0.793
1PmHkalaUHhh0fz23SBHDL,romance,Let's Get Married,Jagged Edge,0.891,0.627
4XoP1AkbOurU9CeZ2rMEz2,romance,"F**kin' Problems (feat. Drake, 2 Chainz & Kendrick Lamar)",A$AP Rocky,0.668,0.687
7z3N2W7Xz1t2G2sAO8wFVH,romance,Burn,Usher,0.685,0.477
0vCTQcxSGAgjHaiAsIANKn,romance,Vanilla Twilight,Owl City,0.567,0.529
7J41dYQolQJEtj3UmKLu5r,sad,U Got It Bad,Usher,0.649,0.5
5PZ2cqh9Yem2g6cTSOLllz,sad,Pain,Three Days Grace,0.286,0.741
2i8Yi2ciI2XjES4ryCqbqL,sad,Bullet,Hollywood Undead,0.889,0.833
3G6hD9B2ZHOsgf4WfNu7X1,sad,Team,Lorde,0.416,0.578
76aadnUFFANRNDs6L3aqxw,sad,Through Glass,Stone Sour,0.434,0.753
5pRvd7BtQZ42S9zegc0nOa,sad,Atlas - From “The Hunger Games: Catching Fire”/Soundtrack,Coldplay,0.121,0.433
3d2DyIigzomibwlVgobyxO,sad,First Love,Adele,0.335,0.112
0ObuteKlbiYy2mQJ23ATO0,sad,Dear God,Avenged Sevenfold,0.603,0.758
06JPAYfJQzpibkdf1fmvaH,salsa,Periquito Pin Pin,Tommy Olivencia,0.923,0.762
0vNOECjwnpxF1ES6hmlNgt,salsa,Ojos Chinos,El Gran Combo De Puerto Rico,0.812,0.777
5GAW7f4CGEPC2I7oNjwB9G,salsa,El verdadero amor perdona - dueto con Prince Royce,Maná,0.719,0.762
7J6qKsRMoeAbeK3Pyd5jeD,salsa,No Quiero Na' Regala'o,Gilberto Santa Rosa,0.913,0.848
6GHGvSM89aqo1SsSyn1uyq,salsa,Dejala,Tito Gomez,0.928,0.437
7lx1WoY9MdBt1AITH8WgHY,salsa,Aceite Agua (Soy Una Guagua),Los Confidenciales,0.798,0.913
1mAsSlFxFy5ZPnI4XyJMdV,salsa,Puerto Rico,Frankie Ruiz,0.76,0.723
2FKMIqdrzUkkAuSkdLbMCy,salsa,Bamboleo,Celia Cruz,0.68,0.876
7DqCwFrRTSuLIrBCI3qNPn,salsa,Hipocresía,Marc Anthony,0.848,0.807
2BVkR6LjqpvZa5iaV1vYHD,salsa,El Ratón,Fania All Stars,0.433,0.599
6SYTb1wqgyGr00ZlfPt4bb,samba,Formosa,Various Artists,0.835,0.448
1lFXFThMURaDZv9nT6DEUX,samba,Portela Hoje Tem Marmelada,Various Artists,0.818,0.67
61RdyZc3fv8fsHHyMWTwRp,samba,Já fui uma brasa,Casuarina,0.763,0.561
500Hyj6bNmToyAlQDiHQHm,samba,Coisa De Pele (Ao Vivo),Beth Carvalho,0.845,0.824
4tanaX9LUG5cAHKFzTQdPM,samba,Vou Brigar Com Ela,Jamelão,0.51,0.535
0SiNUVEXbR6gJT7CqKGcmg,samba,É Ouro Só,Os Originais Do Samba,0.964,0.749
46Qv7l3IzOM7XrjaL6yfv8,samba,Estação São Paulo,Demonios Da Garoa,0.953,0.929
2VvjTxShldCIjPJeMJLx14,samba,Portela Das Maravilhas Do Mar Fez-se - O Esplendor De Uma Noite,Various Artists,0.904,0.739
3laOnxJ0GqQ4oLh0fdTmQW,samba,Se Eu Encontrar Com Ela,Arlindo Cruz,0.816,0.636
3z6JIUPGfqLMYrSnZFuqZK,samba,O Sol Da Meia Noite Uma Visagem Ao,Samba Enredo,0.821,0.786
6l7dsUxSiDfh4L63vWXxSc,sertanejo,Guaxo,Various Artists,0.973,0.783
2mQ15iFpukmynMRF7I0dBG,sertanejo,Esqueci de Avisar,Various Artists,0.925,0.742
0KKbyjpTotTBGUKVSHjCfF,sertanejo,Idas E Voltas - Live,Matogrosso,0.285,0.621
5ouG4aiILupHVNZmfq6VG8,sertanejo,Mais e Mais,Thiaguinho,0.596,0.622
2TNi3BbQySXHAwDHoQpqfg,sertanejo,Bora Passear,Michel Teló,0.888,0.926
5bfX2wqFySFjNLcYgbydA2,sertanejo,Choro,Leonardo,0.391,0.594
6xX8xMXmJzSbC1JvUqXpg2,sertanejo,Clima de Rodeio,Dallas Company,0.919,0.462
2Fq43BGTKAhN1R9ES80jRZ,sertanejo,Barquinho (Ao Vivo),Various Artists,0.779,0.971
1ROnjIvQkShdpFtg7fuJVW,sertanejo,Uma Semana,Cristiano Araújo,0.826,0.526
2LjSj8pdWLv8sMf9lnwcjh,sertanejo,Só Penso Em Nós,Paula Fernandes,0.214,0.291
4RSAqd58WBme18TF8speAQ,show-tunes,Carnaval Del Barrio,In The Heights (Original Cast Recording),0.617,0.578
3cGmUgp7hF5Eb8NyuEmtCA,show-tunes,Overture/And All That Jazz,Various Artists,0.703,0.597
3BHxMGVE3tN2dZsVU1l487,show-tunes,"Let's Go Fly a Kite - From ""Mary Poppins""/Soundtrack Version",Various Artists,0.547,0.142
4w3EeaD5rMqxEnD46PN44D,show-tunes,West Side Story: Act II: End Credits,Leonard Bernstein,0.0412,0.222
6CzWXOv7WGiVoWGIFksIhP,show-tunes,Entr'Acte - Act Two - Six Months Later - Live At The Royal Albert Hall/2011,Andrew Lloyd Webber,0.242,0.199
198pzQNp8FU9U2KjTzHeIe,show-tunes,The Company Way,Daniel Radcliffe,0.763,0.348
7I1YWLvttmgQK2xsOeNjbz,show-tunes,Razzle Dazzle,Various Artists,0.609,0.28
70b5Sq3ePOu3Gqg0hjlOtR,show-tunes,"For the First Time in Forever - From ""Frozen""/Soundtrack Version",Various Artists,0.43,0.411
0pZyHZAmFl7OncYfW2STfH,show-tunes,Take Me as I Am,Jekyll Hyde,0.0427,0.212
6J3DgbtLqx2YI6HOtMOomZ,show-tunes,"What's Up, Duloc?",Various Artists,0.569,0.546
5BNxLlPzaAyGKj09vSbZC3,singer-songwriter,Atlas Hands,Benjamin Francis Leftwich,0.406,0.247
2ZaYFNn1YQuLSVdHhanr4Q,singer-songwriter,Only You,Joshua Radin,0.831,0.255
5TWbNkeJnYkcT04J81apOr,singer-songwriter,I'm Getting Ready,Michael Kiwanuka,0.844,0.344
0I3SmBkgGXqbjVvNPWEgfr,singer-songwriter,The Big Ones Get Away,Sandi Thom,0.259,0.472
2J37qBjaaFzsbow3AHERoY,singer-songwriter,Mommy,Selah Sue,0.0741,0.313
1wU7z5XE8oa66ZvUlYAKfK,singer-songwriter,Come Back to Bed,John Mayer,0.354,0.55
0kH34dqX33tTq0ZEyoBFIm,singer-songwriter,Fever To The Form,Nick Mulvey,0.237,0.566
1HbcclMpw0q2WDWpdGCKdS,singer-songwriter,Tenerife Sea,Ed Sheeran,0.359,0.346
3LcYYV9ozePfgYYmXv0P3r,singer-songwriter,Fire and Rain,James Taylor,0.36,0.35
44TpyUxvuXdGwr7jjXOPZf,ska,Hopeless Case,Less Than Jake,0.61,0.927
3uwZhrR1Zq07E6JNsAa8pe,ska,Garden Grove,Sublime,0.59,0.59
5vkJkwKAEBUGess9Elg26s,ska,Ego,[spunge],0.881,0.899
3acefyyfBIV0ed0n4WAJea,ska,She's Famous Now,Reel Big Fish,0.808,0.948
0eIBcT5QKd4JceHFHVgoLa,ska,Jaded,Operation Ivy,0.599,0.977
5AOAMzjIx8ggqQPDXe7IV0,ska,Krazy Glue,Less Than Jake,0.663,0.933
3TnLFXmoFrPYc8D0z3Z6sf,ska,Just Be Happy,Suburban Legends,0.93,0.883
0BvtEvt2oftqEAwOLl4ujT,ska,Lost It,The Hippos,0.503,0.98
1r9DBG6yAowhUwVsWpva5l,ska,Love It Up,The Skatalites,0.724,0.505
1yWubHzF7WQKOJDiSm8XUQ,ska,La Noche Estaba Puesta,Salon Victoria,0.722,0.609
0Qw7qGuXlVBZLcfoQ17yZn,sleep,Old Pine,Ben Howard,0.226,0.358
6MDTpYxPFL0wtFd0pjfKws,sleep,Rhythm Of Love,Plain White T's,0.726,0.542
3NQDZSM47zCMao3GFkcqaV,sleep,Den finast eg veit,Hellbillies,0.324,0.312
72C7aUQECOhNtnD0AC36ua,sleep,They Don't Know About Us,One Direction,0.336,0.754
7cpHPzPgqKor6gv6nTkJ4R,sleep,Without You,Lana Del Rey,0.668,0.593
6YKT5HoPwjTwhHiCNQsBMK,sleep,Talking to the Moon - Acoustic Piano,Bruno Mars,0.21,0.332
1v3YxlymAZLhWDKcTMhPA2,sleep,I Just Don't Think I'll Ever Get Over You,Colin Hay,0.105,0.132
3bidbhpOYeV4knp8AIu8Xn,sleep,Can't Hold Us (feat. Ray Dalton),Macklemore & Ryan Lewis,0.847,0.922
12jjuxN1gxlm29cqL5M6MW,sleep,I Got You,Jack Johnson,0.544,0.399
34u3Bj1KVxKWfA07yDJ2vG,songwriter,Wicked Game,Chris Isaak,0.359,0.3
6kNvPxlqKV0NViy2rJJyX4,songwriter,Waiting for the Great Leap Forwards,Billy Bragg,0.558,0.59
2RTPhZrT6YdAkhoUB4ewfp,songwriter,Sword Of Damocles,Joseph Arthur,0.449,0.497
6ofrP1AqJbDg5T3NKxcKlG,songwriter,Our House,"Crosby, Stills & Nash",0.333,0.462
49RUdNvwSiUTC8fBh4KKoC,songwriter,Nobody Does It Better,Various Artists,0.338,0.403
1pjATX7sbd6Y4jMVqIvzHk,songwriter,Both Sides Now,Joni Mitchell,0.139,0.139
1gnsCwG6I2w2AKCBSMJnhJ,songwriter,Stay (Acoustic),Lisa Loeb,0.483,0.526
2tlYXcTPCg8FyzwAz4M3p1,songwriter,After the Gold Rush,k.d. lang,0.229,0.293
6sT814XjKKxSwB27qICkRx,songwriter,The Art Of Love,Neil Diamond,0.248,0.246
0k5M5HOsekGYn7GKVUfBGc,songwriter,Step by Step,Jesse Winchester,0.92,0.463
0ZJE48Hc66fIYWXevPlvyG,soul,Each Day Gets Better,John Legend,0.602,0.527
0cIoSMR8kFaJHF8eGgHBHs,soul,Little Bit of Feel Good,Jamie Lidell,0.698,0.704
5nNmj1cLH3r4aA4XDJ2bgY,soul,September,"Earth, Wind & Fire",0.98,0.809
4lAnpiPDvKqpJGK38ax35t,soul,Thank You (Falettinme Be Mice Elf Agin) - Single Version,Sly & The Family Stone,0.932,0.77
6EOdY7I7Xm1vPP1cyaGbWZ,soul,Ain't No Stoppin' Us Now,Various Artists,0.87,0.701
3vYQjj1vd3FLVNCRF9RC1H,soul,I Hear A Symphony,Various Artists,0.411,0.572
05pKAafT85jeeNhZ6kq7HT,soul,I Won't Give Up,Jason Mraz,0.142,0.303
7C5lhJRscQR3WAaLBoqrkd,soul,Me And Those Dreamin' Eyes Of Mine,D'Angelo,0.503,0.402
2XqTTDg835sjCyyFEvhYyr,soul,Stand By Me,Ben E. King,0.658,0.156
3R8CATui5dGU42Ddbc2ixE,soul,So Far To Go,J Dilla,0.287,0.418
2JnFCGmwCyvMX4osX2EmN9,soundtracks,For a Few Dollars More,The Film Score Orchestra,0.515,0.422
3svfTMSnUTPUxNYWiYMCNj,soundtracks,The Stone Table,Harry Gregson-Williams,0.0341,0.162
1lOSxJNCLvWm2bYaTcTSmK,soundtracks,"Mother Knows Best - From ""Tangled""/Soundtrack Version",Various Artists,0.473,0.259
6zJms3MX11Qu1IKF44LoRW,soundtracks,Us,Regina Spektor,0.12,0.305
5RUJTyc7hHl1iy0dxNxbgy,soundtracks,Return To Culver University,Craig Armstrong,0.0583,0.0744
2pSMjadGmWcUbIF5eqLUxE,soundtracks,The Battle of the Pelennor Fields,Various Artists,0.069,0.399
0W8BNfD6JCcqVUzpuBFUhn,soundtracks,To Know My Enemy,Hans Zimmer,0.0368,0.222
785Uvxf6tosqsMbu1yUVT8,soundtracks,Xibalba (feat. Kronos Quartet),Clint Mansell,0.0432,0.123
3IPnBzGRMg6BfViFxxa0Gq,soundtracks,"Love Is an Open Door - From ""Frozen""/Soundtrack Version",Various Artists,0.537,0.637
7lBpl3fdfGWIiadbpL4UP6,soundtracks,Endtapes - Soundtrack Version,Various Artists,0.219,0.746
3TZNOCoBeIeMMTAkyMJUxq,spanish,La Pared,Shakira,0.615,0.688
4n82bvvKnaCSbM0pXWbR1S,spanish,Amigo,Romeo Santos,0.866,0.753
57yEbqu0L6Dq614Vv5hHHL,spanish,Mi Reina Del Dolor,Maná,0.679,0.858
1LC2vEegL6JZ9JduhfFd9Q,spanish,"Te Extraño, Te Olvido, Te Amo",Ricky Martin,0.464,0.601
1aGYzAXdp9Cqd7Nv6WrSGZ,spanish,Tatuajes,Joan Sebastian,0.882,0.468
0gJMVp30whGzJBVD6y8Lpj,spanish,Antes de las Seis,Shakira,0.201,0.46
2j5dy9SzXdQ71Y2jgtiFAJ,spanish,"Frío, Frío - En Vivo Estadio Olímpico De República Dominicana/2012",Juan Luis Guerra 4.40,0.499,0.879
0ZFJDxWClJb4FAVDpANc9O,spanish,"Djobi, Djoba",Gipsy Kings,0.842,0.891
1YwPNemawMgGe6sF4U0FTE,spanish,Suavemente,Elvis Crespo,0.918,0.883
1Px4jqDnQFulhG7Dl3nK0C,spanish,Te Voy a Esperar (feat. Belinda),Juan Magán,0.614,0.731
2zzUpZCsVZgA7S2cr6IFwp,study,"Can't Slow Down - From ""Pride & Prejudice"" Soundtrack",Jean-Yves Thibaudet,0.964,0.096
4qx6KUiBAsuZB9ubcreapu,study,Matilda,alt-J,0.276,0.675
0jjphpegPbJIk0C6BSvTE5,study,Underdog,Imagine Dragons,0.57,0.831
6h2q5GhVc9itEB6NqOEMd4,study,Eyes Wide Open,Gotye,0.643,0.873
3oL3XRtkP1WVbMxf7dtTdu,study,The One That Got Away,Katy Perry,0.864,0.792
5IWmU2PNimgYuTLddU2DRo,study,Payphone,Maroon 5,0.556,0.744
5QbQ5iAebksB5Wj5BPazNX,study,Why Am I the One,fun.,0.501,0.499
47ZWr1Nb0PUgmKgyg5JkgO,study,River Flows In You - Original,Yiruma,0.0969,0.218
0VfcYOujgf9JDAgwlgu1qm,study,Many Meetings,Various Artists,0.0359,0.1
1AvXB7pTYb7irnDLRfE27H,summer,Marilyn Monroe,Pharrell Williams,0.62,0.59
2yrJ1jWo3HLksJFUqUsZE4,summer,The Love Club,Lorde,0.626,0.493
4lCv7b86sLynZbXhfScfm2,summer,Firework,Katy Perry,0.649,0.826
3GUjQm9uvRMTY0NNalR5Au,summer,Welcome To St. Tropez - DJ Antoine Vs. Mad Mark Radio Edit,DJ Antoine,0.762,0.754
2b712q3E27nyW6LGsZxr0y,summer,Dancing On My Own,Robyn,0.261,0.865
6VrLYoQKdhu1Jruei06t65,summer,Somebody To You,The Vamps,0.896,0.818
4pn0G7yHNfTgRYRWca8gYA,summer,We Are One (Ole Ola) [The Official 2014 FIFA World Cup Song] (feat. Jennifer Lopez & Claudia Leitte),Pitbull,0.549,0.942
5S1yeuswEPofFOCkMFLNLc,summer,Like A G6,Far East Movement,0.715,0.869
6ywKucQsRbgxug2VtPZVaY,swedish,Vid min sida (feat. Sebbe Staxx & Dani M),Matte Caliste,0.757,0.831
6qvIa4uJlQds55w9b0xwID,swedish,Dröm,Veronica Maggio,0.275,0.378
6kNmqIK4l1e9zcIUiStL7e,swedish,Legenden (feat. Phantomen) - Single Version,Niello,0.447,0.751
4ZALd5LmXSciq8xuorcS0K,swedish,Hon gör allt för att göra mig lycklig,Tomas Ledin,0.705,0.658
0YQlHiQDUDTXQ7jiItaJPx,swedish,Svennebanan,Promoe,0.742,0.71
2HPAh1McbKtt9z6byoOiM4,swedish,Vart du än går,Niklas Strömstedt,0.592,0.61
5pHLCK9uaFEcIFqc6zYXrX,swedish,Din mamma,Oskar Linnros,0.579,0.682
1hPjWosOfGkz6o8IQbYEcq,swedish,"Garbo, Astrid & Taube (feat. Duvchi)",Lorentz & Sakarias,0.33,0.911
4zSSeTlH3sV6zq1Y94FYL5,swedish,Fantasi,Freestyle,0.91,0.883
0uw4vJN6gKyJkVGjuCEJHe,swedish,Nu måste vi dra,Ken Ring,0.799,0.873
2MrvoOqj007UVWUtGcCK0F,synth-pop,Born To Die,Lana Del Rey,0.39,0.636
2DFi8rwHcVkTTgu7PULhtI,synth-pop,My Type,Saint Motel,0.578,0.897
0jpjNHMrpvPhYP4yjx7xAV,synth-pop,Let Go for Tonight,Foxes,0.299,0.808
3VzRBOVcABRjlIhu11OQn5,synth-pop,Queen,Perfume Genius,0.13,0.54
5imUTBF35uIoABlV9g9da2,synth-pop,Fall In Love,Phantogram,0.265,0.859
4c9WmjVlQMr0s1IjbYO52Z,synth-pop,My Number,Foals,0.825,0.744
3gbBpTdY8lnQwqxNCcf795,synth-pop,Pompeii,Bastille,0.571,0.715
6TK4Gszcg4IqyW0Ewtejcd,synth-pop,Hard out Here,Lily Allen,0.938,0.822
6jrMVRReY24qzCfe1BRrww,synth-pop,What You Know,Two Door Cinema Club,0.814,0.763
7ImORP7QybhKNvs5LxulTL,tango,Hotel Victoria,Juan D'Arienzo,0.966,0.324
7j6SFxOpTEdip118teN71c,tango,Mentías,Juan D'Arienzo,0.846,0.296
0DfrbOSVHoBZRrjNpC9aB7,tango,Triptico (Peter Kruder Trip De Luxe),Gotan Project,0.429,0.808
3CU1QxqgHe7lYjMh27EWpa,tango,Pata Ancha - Instrumental,Osvaldo Pugliese,0.324,0.304
7iCc6LcTnlIbNoSGlubeik,tango,María (with Leopoldo Federico y Su Orquesta),Julio Sosa,0.74,0.599
6rN5vlJ1D2FdmkgryiiRRf,tango,Fuimos,Astor Piazzolla,0.375,0.528
15gEg1NTs2VdRhD7uoZq5Q,tango,"Milonga,Vieja Milonga",Juan D'Arienzo,0.892,0.411
5KGRxMl6GGysDCXAhe5xj1,tango,Carnaval - Remastered,Carlos Gardel,0.583,0.419
4vphTUKbFlPUMUQlIwHXNS,tango,La Del Ruso (Calexico Version),Gotan Project,0.53,0.707
7MsbP1igBzCrN8SQok4g3n,tango,Acuerdate de Mi,Carlos Di Sarli,0.707,0.383
63Ul5qgAxlXbtj97gKaAfn,techno,"Finale - From ""TRON: Legacy""/Score",Daft Punk,0.0282,0.11
7Jwe4iWB1G6c7TE7fRedrm,techno,Animals - Radio Edit,Martin Garrix,0.0378,0.923
78Qmh6dXjlAGSxwzTzOxYO,techno,Be Quiet,Various Artists,0.872,0.657
3nXIVvKSEcyKQuhPSFxMQO,techno,Never Mind,Infected Mushroom,0.402,0.831
5rKey4QfJ5B37qU8d2xS7Q,techno,Do It All Night - Michael Mind Radio Edit,Darius & Finlay,0.731,0.857
1QqbWDwIXwbvXnkBu2bbjo,techno,I Can Walk on Water,Basshunter,0.217,0.996
766RKRQ1ZJjmdBQ9y54HKj,techno,Animals - Original Mix,Martin Garrix,0.0376,0.866
3lZ6Oa8g1f9S05eFOt26E9,techno,Barbra Streisand,Duck Sauce,0.406,0.927
6HtSVNrZrmnZkCJ9fLf4f3,techno,Come With Me - Single Edit,Special D.,0.442,0.999
0fTFmyy8AwWHiRoDgTh80w,techno,Vava Voom,Bassnectar,0.163,0.97
6gdsl8u2tQ12yhwYRMB12T,trance,Wayfarer - Original Mix,Audien,0.281,0.95
4riBSYepUdyvrsm812fLqi,trance,Bittersweet Nightshade - Markus Schulz Return to Coldharbour Remix,Various Artists,0.1,0.798
1UPyhGntpIx9jGJ5UVtKVS,trance,Call Me A Spaceman - Radio Edit,Hardwell,0.35,0.877
1aGiatcArGmSgAh06kma1O,trance,Fine Without You,Various Artists,0.694,0.835
69Y1zTKm9N8U9PxSWi1yQj,trance,Elevation - Original Mix,Filo & Peri,0.503,0.902
52eKWZN4mZ4CkbWwCuDezE,trance,Apollo Road - Club Mix,Dash Berlin,0.42,0.631
4IbeO0SSDh8MCYTHgPCBnk,trance,I Don't Deserve You (feat. Plumb),Paul van Dyk,0.145,0.722
79AaAaaB0i7fYgNcKNWyep,trance,Could You Believe - Airplay Mix,Various Artists,0.944,0.838
3sOJM1K9oi1dbht9Vzjpib,trance,Hold On To Me,Armin van Buuren,0.0791,0.549
14gO9465C2cd4pGbQqGYZ5,trance,Stretched,Infected Mushroom,0.558,0.954
74FCJsU49EESBhTOoyr4u3,trip-hop,Waterbaby,Sneaker Pimps,0.0453,0.394
3KXKbcZR3cdIFp8TwObJJJ,trip-hop,Time To Dance,Tricky,0.929,0.526
2C1nOw1nRxJaBWb9I1x05A,trip-hop,Smoke & Mirrors,RJD2,0.0457,0.523
16GyluCSbn3R8uXDAy3GNM,trip-hop,Tower Seven,Thievery Corporation,0.333,0.554
4Njmtp4w81B2DNyMMwjc4k,trip-hop,It's Raining Clouds,Blockhead,0.503,0.662
0jdG9k48w63auVRPEqVcfz,trip-hop,Single,Everything But The Girl,0.543,0.413
4a8A19Y49AxUuW7zZEkRGr,trip-hop,Eclipse/Blue (feat. Kazu Makino),Nosaj Thing,0.106,0.506
0IDW1BjDyiuBSZbhmUNh6z,trip-hop,C'Mon Baby,Tricky,0.181,0.975
1epmpzYJGjsE21jN9WaUgU,trip-hop,Dusty Rainbow,Wax Tailor,0.626,0.563
6624hZJ0nRh0ve2SelMXVw,trip-hop,Over,Portishead,0.175,0.712
0Wm0t4EyVdAMjelWqt8kGO,turkish,Dil Yarası,Various Artists,0.373,0.714
4DDMXN0aa2RLeR51FX186y,turkish,Bana Öyle Bakma,Teoman,0.346,0.377
2GA3N36SjhoAE0AJMjf62y,turkish,Aska Yürek Gerek,Mustafa Sandal,0.861,0.974
4kkCXow1USLenv8RHH4Lvz,turkish,Rengarenk,Sertab Erener,0.679,0.863
0Ekrw0popswEuIPRJCSK10,turkish,Yıllar Sonra,Kıraç,0.798,0.788
78Jpaoy6ITTklK7LbW29nS,turkish,Ben senin ananın,İsmail YK,0.786,0.845
6UaRii9AH6Zss9xNMEQ2M9,turkish,Love The Way You Lie,Eminem,0.638,0.922
5z4UDyVrvjT7fU76Gty9y0,turkish,Bitmesin,Gökhan Türkmen,0.708,0.724
4ytg8WEmLmHa0QebKOthGv,turkish,İltimas,Gülşen,0.611,0.934
6lUY6MoqGgPnA27PHYxem5,work-out,Bulletproof,La Roux,0.682,0.882
05qXhd5dgfDS5mDEf7dbfN,work-out,Let's Get It Started,Various Artists,0.768,0.743
3axkNosdVQLZiq1HakuGhc,work-out,Countdown,Beyoncé,0.699,0.787
6SpLc7EXZIPpy0sVko0aoU,work-out,Misery Business,Paramore,0.731,0.906
2Foc5Q5nqNiosCNqttzHof,work-out,Get Lucky (feat. Pharrell Williams & Nile Rodgers) - Radio Edit,Daft Punk,0.862,0.811
3U9yv46nVSn3PkLsVcNIcA,work-out,Who Gon Stop Me,JAY-Z,0.378,0.73
0nypsuS2jtogLaJDcRQ4Ya,work-out,Feel the Love (feat. John Newman),Rudimental,0.238,0.706
3CQQSBe4GOxnkHpz9Czx3K,work-out,She Wants To Move,N.E.R.D,0.762,0.857
4WA9WGYDiMEynd1RkRrHC7,world-music,Total Lucidity,Pet Music World,0.066,0.0334
4mJpOvX6D6nIRok3sF4Zg8,world-music,Sarama,Vieux Farka Touré,0.907,0.891
65o8SI1kfFAIr0EjXeBRkB,world-music,La Camisa Negra,Juanes,0.968,0.73
0uGNP50Yy8ietIDr4XNzwi,world-music,Karagyraa (v),Huun-Huur-Tu,0.0671,0.113
1Nov1m4HA8PBs2vyWjp2Cv,world-music,Mas Que Nada,Jorge Ben Jor,0.598,0.403
27TwgTbE6MuxFqqSa1A0ly,world-music,Schopska Pesen (Diaphonic Chant),Bulgarian State Television Female Choir,0.199,0.254
5AK3caJzIyCrHaNoxAEQez,world-music,De Camino a la Vereda,Buena Vista Social Club,0.963,0.462
5KgU4lp0870zryRc3BEeDN,world-music,Roforofo Fight,Fela Kuti,0.751,0.9
4duwdgGjNHJc1uel4SZPya,world-music,Electric Boogaloo,Yerba Buena,0.933,0.848
6y0FlCSMRkSgDYAhTHs9gA,world-music,Diaraby Magni,Vieux Farka Touré,0.868,0.702
